转转 ,爪 ,住 ,住 拽 注,转 注住拽 - 驻砖专 专 砖 砖 注住拽,砖 专 (专转 转 转/专转 砖专转 注专转),砖转 住,"砖专 (砖"") - 专!",砖专 砖注转/,"注专转: 转 (砖专转 13, 拽专 砖转转 ')  专 砖 爪",拽转 专 注
03/08/2019 21:40:34,专/转, 拽转 住 专砖 ,"转注砖 住专转转 (驻注 爪专, 转注砖 专转/爪转 ')."," 驻专拽/ PMO, 住转 专 砖转",HP Indigo ,8-10,19000,,拽专 砖转转. 转 住爪   ,
04/08/2019 21:23:38,专/转,专住转 专,"转注砖 住专转转 (驻注 爪专, 转注砖 专转/爪转 ').","转驻注 爪专 (转驻"")",转,8-10,16000,,,
04/08/2019 23:37:13,专/转,专住转 专,住 砖转,住转 专 砖转,,8-10,25000,砖注转,,
22/08/2019 20:28:16,专/转,"""驻 (专住 驻转)","转注砖 住专转转 (驻注 爪专, 转注砖 专转/爪转 ').","转驻注 爪专 (转驻"")",,8-10,15000,砖注转,拽专 砖3,
31/01/2021 17:04:04,专/转,专住转 转 ,住转 驻住 专转  (拽 ')," 驻专拽/ PMO, 转 转 - BI/Data analyst",,8-10,22000,,"拽专 砖转转, 专 专转",
01/08/2019 11:49:58,住/转,"""驻 (专住 驻转)",拽 (住专-驻 专转 转),QA (Software) - ,Oracle,5-7,30000,,,
01/08/2019 12:46:33,住/转,"""驻 (专住 驻转)",注抓 爪 转 SAP HR 注专转 注,砖 注专转 注,拽住拽,5-7,20000,,注抓 爪 专转   ,
01/08/2019 13:06:30,住/转,"""驻 (专住 驻转)","转注砖 住专转转 (驻注 爪专, 转注砖 专转/爪转 ').","转驻注 爪专 (转驻""),  爪 ",,5-7,40,砖注转,,
01/08/2019 17:16:33,专/转,"""驻 (专住 驻转)","转注砖 住专转转 (驻注 爪专, 转注砖 专转/爪转 ').",专砖,,5-7,9500,砖注转,,
01/08/2019 19:13:54,专/转,"""驻 (专住 驻转)","转注砖 住专转转 (驻注 爪专, 转注砖 专转/爪转 ').","转驻注 爪专 (转驻"")",,5-7,18000,,,
01/08/2019 19:21:07,专/转,HIT  , 专,住转 专 砖转,专,5-7,12000,,,
02/08/2019 16:39:49,专/转,专住转 专,拽 (住专-驻 专转 转),住转 专 砖转,Applied Materials,5-7,21000,,"砖专转 13, 拽专 砖转转,  专驻, 转",
03/08/2019 11:59:51,专/转,,"转注砖 住专转转 (驻注 爪专, 转注砖 专转/爪转 ').","转驻注 爪专 (转驻"")",,5-7,19000,,拽专 砖转转,
03/08/2019 12:07:26,专/转, 专,注抓," 驻专拽/ PMO, 转 转 - BI/Data analyst, 住转 专 砖转, 转, 注爪, 驻 注 砖 注专转 注",,5-7,22000,,"拽专 砖转转, 住 砖转",
04/08/2019 21:27:27,专/转,专住转 专,"转注砖 住专转转 (驻注 爪专, 转注砖 专转/爪转 ').", 驻专拽/ PMO,转注'',5-7,15000,,,
12/08/2019 17:22:41,专/转,专住转 转 ,"转注砖 住专转转 (驻注 爪专, 转注砖 专转/爪转 ').","转, 注爪, 驻 注 砖 注专转 注",爪,5-7,12000,, 砖 专,
22/08/2019 19:13:33,专/转,,"转注砖 住专转转 (驻注 爪专, 转注砖 专转/爪转 ').","转驻注 爪专 (转驻"")",,5-7,19000,,拽专 砖转转,
22/08/2019 19:17:48,专/转,专 拽 ,"转注砖 住专转转 (驻注 爪专, 转注砖 专转/爪转 ').","转, 注爪, 驻 注 砖 注专转 注",ICL,5-7,10000,,砖专  转 住注转 砖注转 住驻转 注 砖专 .,
22/08/2019 19:51:19,专/转, 专,注抓,住转 专 砖转,,5-7,20000,,拽专 砖转转,
16/10/2019 12:05:29,专/转,"""驻 (专住 驻转)","转注砖 住专转转 (驻注 爪专, 转注砖 专转/爪转 ').","转 转 - BI/Data analyst, ",,5-7,12500,,注 爪驻,
05/12/2019 21:56:53,专/转,,"转注砖 住专转转 (驻注 爪专, 转注砖 专转/爪转 ').","转驻注 爪专 (转驻"")",,5-7,19000,,拽专 砖转转,
01/02/2020 22:46:50,专/转,专住转 转 ,拽 (住专-驻 专转 转),注 转 - Data science,,5-7,26300,,,
05/08/2020 15:02:28,专/转,,住转 驻住 专转  (拽 '),转 转 - BI/Data analyst,,5-7,25000,,砖转转,
21/11/2020 15:39:35,专/转,专,"转注砖 住专转转 (驻注 爪专, 转注砖 专转/爪转 ').", 驻专拽/ PMO,专,5-7,12500,,"拽""砖",
21/05/2021 10:39:43,专/转,专 拽 专驻,"转注砖 住专转转 (驻注 爪专, 转注砖 专转/爪转 ').","转驻注 爪专 (转驻"")",Prodalim Group,5-7,17000,,"拽专 砖转转, 住 砖转",
21/05/2021 10:40:28,专/转,专驻,"转注砖 住专转转 (驻注 爪专, 转注砖 专转/爪转 ').", 驻专拽/ PMO,,5-7,9600,砖注转,,
08/10/2021 12:46:27,专/转,专 拽 专驻,砖专砖专转 住驻拽 驻专,"转 转 - BI/Data analyst, 住转 专 砖转, 转驻注 爪专 (转驻"")",Prodalim,5-7,17000,,,
08/10/2021 13:56:10,专/转,专住转 专,"转注砖 住专转转 (驻注 爪专, 转注砖 专转/爪转 ').", 驻专拽/ PMO,IaI,5-7,17500,,"拽专 砖转转, 住注,住注转, 砖注转 住驻转",
08/10/2021 14:03:56,专/转,"""驻 (专住 驻转)",转注砖,住 ,,5-7,12500,,拽专 砖转转,
13/10/2021 09:09:29,专/转,,拽 (住专-驻 专转 转), 爪专,,5-7,29500,,"转, 拽专 砖转转  转拽专",
31/10/2021 07:09:23,住/转,"""驻 (专住 驻转)",住转 驻住 专转  (拽 '), 驻专拽/ PMO,Citi,5-7,30000,,,
10/04/2022 13:45:00,专/转,专住转 专,拽 (住专-驻 专转 转),"转 转 - BI/Data analyst, 注 转 - Data science",,5-7,32000,,"驻爪转, 转 ' 砖 13 祝 专",
27/04/2022 14:18:43,专/转,"""驻 (专住 驻转)","转注砖 住专转转 (驻注 爪专, 转注砖 专转/爪转 ').", 住,,5-7,17.5,,,
01/08/2019 11:41:55,住/转,"""驻 (专住 驻转)",拽 (住专-驻 专转 转),转 转 - BI/Data analyst,,2-4,20000,,,
01/08/2019 11:52:02,专/转,专,拽 (住专-驻 专转 转),"转, 注爪, 驻 注 砖 注专转 注",,2-4,10500,砖注转, 拽专 砖转转,
01/08/2019 11:52:41,专/转,驻拽,拽 (住专-驻 专转 转), 驻专拽/ PMO,拽,2-4,19000,,,
01/08/2019 12:10:39,专/转,专住转 专,注专 ," 驻专拽/ PMO, 转, 注爪, 驻 注 砖 注专转 注",Metrix,2-4,14500,,,
01/08/2019 12:21:18,住/转,"""驻 (专住 驻转)",住拽 砖专砖专转 住驻拽 ,住转 专 砖转,,2-4,17000,,,
01/08/2019 12:27:37,专/转,转 住 砖注,注,住转 专 砖转,注 转注砖转 驻专爪转,2-4,7500,砖注转,,
01/08/2019 12:49:58,住/转,"""驻 (专住 驻转)",拽注转,驻专,Unilever,2-4,12590,,,
01/08/2019 12:54:06,住/转, 专住 驻转 ,"转注砖 住专转转 (驻注 爪专, 转注砖 专转/爪转 ').",专专,,2-4,10000,,,
01/08/2019 13:32:30,住/转,"""驻 (专住 驻转)",拽 (住专-驻 专转 转),转 转 - BI/Data analyst,Gett,2-4,19000,,,
01/08/2019 19:05:09,住/转,"""驻 (专住 驻转)","转注砖 住专转转 (驻注 爪专, 转注砖 专转/爪转 ').","转驻注 爪专 (转驻"")",,2-4,10000,砖注转,,
01/08/2019 20:15:08,专/转,专住转 专,住 砖转," 驻专拽/ PMO, 住转 专 砖转",,2-4,11500,,,
01/08/2019 22:02:32,专/转,转 住 砖注,"转注砖 住专转转 (驻注 爪专, 转注砖 专转/爪转 ')."," 驻专拽/ PMO, 转驻注 爪专 (转驻"")",Ibbl,2-4,11500,,"砖专转 13, 拽专 砖转转, 住, ",
02/08/2019 15:43:41,专/转,,拽 (住专-驻 专转 转),转 转 - BI/Data analyst,Intel,2-4,22000,,,
02/08/2019 15:48:07,专/转,专住转 专,住 砖转,住转 专 砖转,转  专转 ,2-4,13000,砖注转,拽专. 砖转转 拽转 专  ,
02/08/2019 16:00:01,专/转,,"转注砖 住专转转 (驻注 爪专, 转注砖 专转/爪转 ').",Data engineer ,Rafael,2-4,18000,砖注转,"砖注转 住驻转, 住 专注  拽专 砖转转",
02/08/2019 16:03:47,专/转,专住转 专,"转注砖 住专转转 (驻注 爪专, 转注砖 专转/爪转 ').", 驻专拽/ PMO,驻专,2-4,11000,,拽专 砖转转 砖 砖,
02/08/2019 16:52:49,专/转,专住转 专,"转注砖 住专转转 (驻注 爪专, 转注砖 专转/爪转 ').", 驻专拽/ PMO,,2-4,12000,,,
02/08/2019 17:13:14,住/转,专 拽 ,拽 (住专-驻 专转 转), 驻专拽/ PMO,,2-4,4000,砖注转,,
02/08/2019 18:18:38,住/转,"""驻 (专住 驻转)",住 砖转,"转 转 - BI/Data analyst, 转, 注爪, 驻 注 砖 注专转 注, QA (Software) - ",,2-4,5500,砖注转,"拽专 砖转转, 专转 爪专, 转 砖转",
02/08/2019 19:23:46,专/转,专住转 转 ,专转 注抓," 驻专拽/ PMO, 住转 专 砖转",,2-4,12000,,"住 爪 砖转, 拽专 砖转转, 注转 专",
02/08/2019 19:24:08,住/转,"""驻 (专住 驻转)","转注砖 住专转转 (驻注 爪专, 转注砖 专转/爪转 ').", 驻专拽/ PMO,WaterMatic,2-4,14000,,,
02/08/2019 20:21:06,住/转,"""驻 (专住 驻转)", 驻专拽 , 驻专拽/ PMO,,2-4,8500,,砖 专  爪转 转 注 砖 专 - 住 砖 专 注 砖,
04/08/2019 01:48:14,专/转,注专,住 砖转, 驻专拽/ PMO,,2-4,13000,,,
04/08/2019 07:21:33,住/转,专住转 专,"转注砖 住专转转 (驻注 爪专, 转注砖 专转/爪转 ').",专砖 住拽,转注砖 专转,2-4,5500,砖注转,,
04/08/2019 10:32:10,专/转, 专,"转注砖 住专转转 (驻注 爪专, 转注砖 专转/爪转 ').",专转 注抓,,2-4,12000,,注 砖专转 13.  专转 专 拽,
04/08/2019 21:19:04,专/转,HIT  ,住转 驻住 专转  (拽 ')," 驻专拽/ PMO, 转 转 - BI/Data analyst, 住转 专 砖转",拽住住 住住,2-4,11000,,拽专 砖转转 驻爪转 转 住 ,
04/08/2019 21:22:41,专/转,住住拽,驻专,专转 ,S.al,2-4,9000,,,
04/08/2019 21:28:35,专/转,专住转 专,"转注砖 住专转转 (驻注 爪专, 转注砖 专转/爪转 ').", 驻专拽/ PMO,,2-4,18000,,拽专 砖转转,
04/08/2019 21:28:49,专/转,专住转 专,"转注砖 住专转转 (驻注 爪专, 转注砖 专转/爪转 ').",,,2-4,8000,砖注转,,
04/08/2019 21:29:26,专/转,专住转 专,"转注砖 住专转转 (驻注 爪专, 转注砖 专转/爪转 ').",,,2-4,8000,砖注转,,
04/08/2019 21:29:27,专/转,专住转 专,住转 驻住 专转  (拽 '),转 转 - BI/Data analyst,,2-4,13000,,,
04/08/2019 21:33:09,专/转,专住转 专,住转 驻住 专转  (拽 ')," 驻专拽/ PMO, 转, 注爪, 驻 注 砖 注专转 注",,2-4,11000,砖注转,爪,
04/08/2019 21:34:27,专/转,专住转 专,拽 (住专-驻 专转 转),注 转 - Data science,,2-4,25000,,,
04/08/2019 21:39:05,专/转,专住转 专,住 砖转, 砖专 ,,2-4,8000,砖注转,,
04/08/2019 21:39:10,专/转,专住转 专,专转 拽," 驻专拽/ PMO, 住转 专 砖转,  转",专转 专,2-4,15000,,"砖专转 13, 拽专 砖转转, 专 ",
04/08/2019 21:40:07,专/转,专住转 专,"转注砖 住专转转 (驻注 爪专, 转注砖 专转/爪转 ').","转驻注 爪专 (转驻"")",驻拽住,2-4,12000,,,
04/08/2019 21:44:58,专/转,专住转 专,"转注砖 住专转转 (驻注 爪专, 转注砖 专转/爪转 ').","转驻注 爪专 (转驻"")",,2-4,18000,,"砖专转 13, 驻专 专注转, 拽专 砖转转, ",
04/08/2019 21:50:20,住/转,HIT  ,"转注砖 住专转转 (驻注 爪专, 转注砖 专转/爪转 ').",拽转 专砖 转 住驻拽,转注砖 专转,2-4,4000,砖注转,砖专转 13 ,
04/08/2019 22:10:00,专/转,专住转 专,拽 (住专-驻 专转 转),转 转 - BI/Data analyst,,2-4,16000,,,
04/08/2019 22:44:38,专/转,专住转 专,"转注砖 住专转转 (驻注 爪专, 转注砖 专转/爪转 ')."," 驻专拽/ PMO, 转驻注 爪专 (转驻"")",,2-4,10500,,拽专 砖转转,
04/08/2019 23:43:31,专/转,专住转 专,"转注砖 住专转转 (驻注 爪专, 转注砖 专转/爪转 ').", 驻专拽/ PMO,,2-4,10500,,砖专转 13,
04/08/2019 23:45:07,专/转,专住转 专,"转注砖 住专转转 (驻注 爪专, 转注砖 专转/爪转 ').", 驻专拽/ PMO,,2-4,10500,,"住 住 砖专转  砖, 拽专 砖转转",
05/08/2019 07:25:29,专/转,专 拽 专驻,专转 注抓  驻专拽, 驻专拽/ PMO,"专拽 注专转 转 注""",2-4,15000,,拽专 砖转转  专砖,
05/08/2019 09:48:15,专/转,转 住 砖注,"转注砖 住专转转 (驻注 爪专, 转注砖 专转/爪转 ').","转驻注 爪专 (转驻"")",转注砖 专转 ,2-4,19000,,拽专 转砖转 ,
05/08/2019 11:13:34,住/转,"""驻 (专住 驻转)","转注砖 住专转转 (驻注 爪专, 转注砖 专转/爪转 ').","转驻注 爪专 (转驻"")",Iscar,2-4,10500,砖注转,"拽专 砖转转, 驻驻",
05/08/2019 11:56:07,专/转,转 驻拽,"转注砖 住专转转 (驻注 爪专, 转注砖 专转/爪转 ').", 专砖 拽转,,2-4,13000,,拽专 砖转转,
05/08/2019 15:23:03,专/转,专住转 专,住 砖转," 驻专拽/ PMO, 转 转 - BI/Data analyst, 转, 注爪, 驻 注 砖 注专转 注",,2-4,10000,,砖转转,
06/08/2019 13:18:30,专/转,转 住 砖注,"转注砖 住专转转 (驻注 爪专, 转注砖 专转/爪转 ')."," 驻专拽/ PMO, 转 转 - BI/Data analyst, 住转 专 砖转, 转驻注 爪专 (转驻""), 转, 注爪, 驻 注 砖 注专转 注",,2-4,41,砖注转,,
06/08/2019 13:50:23,住/转,,拽 (住专-驻 专转 转),"转 转 - BI/Data analyst, 注 转 - Data science, Devops",Intel,2-4,90,砖注转,,
06/08/2019 15:15:14,专/转,转 住 砖注,"转注砖 住专转转 (驻注 爪专, 转注砖 专转/爪转 ').","转驻注 爪专 (转驻"")",,2-4,12500,,"砖专转 13 , 拽专 砖转转, 驻, 住 砖转",
06/08/2019 19:20:10,住/转,"""驻 (专住 驻转)","转注砖 住专转转 (驻注 爪专, 转注砖 专转/爪转 ').","转驻注 爪专 (转驻"")",转,2-4,60,砖注转,,
13/08/2019 06:39:23,住/转, 专,拽 (住专-驻 专转 转),转 转 - BI/Data analyst,,2-4,55,砖注转,"转 住 100  , 住注转 50 ",
22/08/2019 19:25:12,专/转,转 驻拽,住转 驻住 专转  (拽 ')," 驻专拽/ PMO, 转, 注爪, 驻 注 砖 注专转 注",拽,2-4,19000,,,
22/08/2019 19:39:28,专/转,转 住 砖注,爪,"转 转 - BI/Data analyst, 转驻注 爪专 (转驻""), 转, 注爪, 驻 注 砖 注专转 注", ,2-4,13000,,,
22/08/2019 20:48:43,专/转,"""驻 (专住 驻转)",拽 (住专-驻 专转 转),"住转 专 砖转, 转驻注 爪专 (转驻""), 住拽",Intel,2-4,10700,砖注转,"住, 转 砖专, 拽专 砖转转, 专 砖专 爪",
22/08/2019 23:15:10,专/转,专住转 专,"转注砖 住专转转 (驻注 爪专, 转注砖 专转/爪转 ').","转驻注 爪专 (转驻"")",转,2-4,13000,砖注转,拽专 砖转转,
25/08/2019 17:19:32,专/转, 专,拽 (住专-驻 专转 转),"转, 注爪, 驻 注 砖 注专转 注",,2-4,16500,,,
04/09/2019 23:23:19,专/转,专驻,"转注砖 住专转转 (驻注 爪专, 转注砖 专转/爪转 ').","转驻注 爪专 (转驻"")",Flex,2-4,9100,砖注转,"专 拽, 爪 砖' 拽""",
05/09/2019 00:04:11,住/转,"""驻 (专住 驻转)",住 砖转,驻转转 转拽 转 转驻注,专砖转 驻 ,2-4,5800,砖注转,"转 注 , 拽专 砖转转   砖. 注 注 120 砖注转 砖. ",
09/09/2019 18:52:46,专/转,转 驻拽,拽 (住专-驻 专转 转),Business Analyst,Bolt solutions ,2-4,15000,,,
11/09/2019 13:02:51,住/转,"""驻 (专住 驻转)",住 砖转," 驻专拽/ PMO, 转 转 - BI/Data analyst",爪,2-4,37,砖注转,"砖 拽专 砖转转, 驻住 , 专转 专 注 注 转  砖 砖注转 砖转 ",
27/09/2019 14:31:22,住/转,"""驻 (专住 驻转)",住 砖转,"驻拽 转, 驻转转 转拽 转 转驻注",专砖转 驻 ,2-4,5000,砖注转,拽专 砖转转 ,
04/10/2019 18:46:43,专/转,转 驻拽,拽 (住专-驻 专转 转)," 驻专拽/ PMO, 转, 注爪, 驻 注 砖 注专转 注",Bolt,2-4,15000,,,
04/10/2019 19:31:14,专/转,转 住 砖注,"转注砖 住专转转 (驻注 爪专, 转注砖 专转/爪转 ').","转驻注 爪专 (转驻"")",,2-4,11500,砖注转,砖专转 13 + 拽专 砖转转 + 住 砖转,
04/10/2019 19:38:01,住/转,"""驻 (专住 驻转)",住专 爪  住,"住转 专 砖转, 注抓 住",,2-4,11200,砖注转,,
03/11/2019 18:01:35,专/转,转 专,"转注砖 住专转转 (驻注 爪专, 转注砖 专转/爪转 ').",住转 专 砖转,住,2-4,10000,,拽专 砖转转,
12/11/2019 15:14:08,专/转,转 驻拽,住转 驻住 专转  (拽 '),转 转 - BI/Data analyst,驻拽住,2-4,13000,,砖专转 13 拽专 砖转转,
16/11/2019 20:50:24,专/转,转 砖拽专,拽 (住专-驻 专转 转),转 转 - BI/Data analyst,,2-4,14000,,,
28/11/2019 10:49:14,住/转,"""驻 (专住 驻转)",转 转 注专转 注,"转, 注爪, 驻 注 砖 注专转 注",,2-4,55,砖注转,拽专 砖转转,
05/12/2019 20:11:17,专/转, 专,拽 (住专-驻 专转 转),"转, 注爪, 驻 注 砖 注专转 注",专拽住,2-4,14000,,拽专 砖转转,
06/12/2019 00:03:25,专/转,专住转 专,住 砖转, 驻专拽/ PMO,,2-4,15000,,砖转转,
09/12/2019 09:38:16,住/转,转 砖拽专,住 砖转, 驻专拽/ PMO, 爪转,2-4,6500,砖注转,"80  砖专, 拽专 砖转转",
09/12/2019 13:00:31,住/转,转 砖拽专,"转注砖 住专转转 (驻注 爪专, 转注砖 专转/爪转 ').","转驻注 爪专 (转驻"")",,2-4,40,砖注转,,
09/12/2019 19:08:36,专/转,转 注专,拽 (住专-驻 专转 转),转 转 - BI/Data analyst,EXLibris,2-4,12900,,拽专 砖转转+拽专 驻住  专砖. 驻砖转  100% 砖.  专转 注  ,
09/12/2019 19:17:39,专/转,专住转 专,"转注砖 住专转转 (驻注 爪专, 转注砖 专转/爪转 ').","转驻注 爪专 (转驻"")",砖专,2-4,15900,,"砖专转 13,14 拽专 砖转转",
09/12/2019 19:22:21,专/转,拽转 转  驻,拽 (住专-驻 专转 转),QA (Software) - ,,2-4,13500,,,
09/12/2019 19:31:23,专/转,"""驻 (专住 驻转)",拽 (住专-驻 专转 转),"转 转 - BI/Data analyst, 注 转 - Data science",,2-4,16000,,拽专 砖转转,
10/12/2019 13:45:16,住/转,转 砖拽专,注 转,砖转,,2-4,4200,砖注转,,
13/12/2019 13:34:16,住/转,专住转 转 ,拽 (住专-驻 专转 转),转转: Frontend/Backend/Fullstack,,2-4,8000,,,
13/12/2019 14:26:15,住/转,"""驻 (专住 驻转)",拽 (住专-驻 专转 转), 驻专拽/ PMO,ACS motion control ,2-4,11500,,"拽专 砖转转, 住  砖专 注 专",
13/12/2019 15:20:04,住/转,"""驻 (专住 驻转)",拽 (住专-驻 专转 转), 驻专拽/ PMO,Vs,2-4,13000,,,
15/12/2019 20:10:53,专/转,专住转 专,"转注砖 住专转转 (驻注 爪专, 转注砖 专转/爪转 ').","转驻注 爪专 (转驻"")",Ophir ,2-4,11000,砖注转,,
15/12/2019 20:56:12,住/转,专住转 专,"转注砖 住专转转 (驻注 爪专, 转注砖 专转/爪转 ')."," 驻专拽/ PMO, 转驻注 爪专 (转驻""), 转, 注爪, 驻 注 砖 注专转 注",转注砖 专转,2-4,59,砖注转,砖 拽专 砖转转 驻住,
23/12/2019 09:39:55,专/转,专住转 专,拽 (住专-驻 专转 转), 驻专拽/ PMO,Amdocs,2-4,17000,,,
05/01/2020 13:19:36,专/转,转 住驻专,"转注砖 住专转转 (驻注 爪专, 转注砖 专转/爪转 ').","转驻注 爪专 (转驻"")",smarTrike,2-4,8400,,,
10/01/2020 12:00:54,专/转,注专,住 砖转,Analyst soc tier 2,,2-4,12000,砖注转,"拽专 砖转转, 驻住",
14/01/2020 10:03:21,专/转,转 住 砖注,Low tech, 驻专拽 转 注专转,ElAL,2-4,11300,,拽专 砖转转,
19/01/2020 09:07:59,住/转,转 砖拽专,"转注砖 住专转转 (驻注 爪专, 转注砖 专转/爪转 ').",专砖,Elbit,2-4,5000,砖注转,砖 注拽  砖 砖专转 13 注 驻注   住 ,
23/01/2020 14:42:23,专/转,,"转注砖 住专转转 (驻注 爪专, 转注砖 专转/爪转 ').", 驻专拽/ PMO, 专住,2-4,12000,,砖专转 13 + 拽专 砖转转,
23/01/2020 16:26:05,住/转,专住转 专,"转注砖 住专转转 (驻注 爪专, 转注砖 专转/爪转 ').",转 拽专,转注砖 专转,2-4,42,砖注转,,
23/01/2020 17:14:05,专/转,专住转 专,住 砖转, 驻专拽/ PMO,转注砖 专转,2-4,14700,,,
23/01/2020 17:20:54,专/转,转 驻拽,"转注砖 住专转转 (驻注 爪专, 转注砖 专转/爪转 ').",转 转 - BI/Data analyst,,2-4,16000,,,
23/01/2020 18:02:09,住/转,"""驻 (专住 驻转)","转注砖 住专转转 (驻注 爪专, 转注砖 专转/爪转 ').","转, 注爪, 驻 注 砖 注专转 注",转注砖 专转,2-4,4500,砖注转,砖专转 住,
24/01/2020 13:56:42,住/转,"""驻 (专住 驻转)","转注砖 住专转转 (驻注 爪专, 转注砖 专转/爪转 ').","转, 注爪, 驻 注 砖 注专转 注",Elbit,2-4,60,砖注转,,
28/01/2020 09:31:26,住/转,专住转 专,"转注砖 住专转转 (驻注 爪专, 转注砖 专转/爪转 ').","住转 专 砖转, 转, 注爪, 驻 注 砖 注专转 注",Iai,2-4,6100,砖注转,"砖专转 住 3  砖注. 拽驻转  , 转 砖转驻转",
02/05/2020 15:31:48,专/转,注专,住 砖转,Cyber security analyst,,2-4,12000,砖注转,,
02/05/2020 16:20:21,住/转,HIT  ,"转注砖 住专转转 (驻注 爪专, 转注砖 专转/爪转 ').",专砖,转注砖 专转,2-4,3700,砖注转,专转 爪专 住注转,
02/05/2020 16:24:35,住/转,"""驻 (专住 驻转)","转注砖 住专转转 (驻注 爪专, 转注砖 专转/爪转 ').","转, 注爪, 驻 注 砖 注专转 注",Elbit,2-4,60,砖注转,,
03/05/2020 14:29:22,专/转,HIT  ,"转注砖 住专转转 (驻注 爪专, 转注砖 专转/爪转 ').","转驻注 爪专 (转驻"")",,2-4,8000,砖注转,,
18/05/2020 17:40:50,住/转,"""驻 (专住 驻转)",拽 (住专-驻 专转 转)," 驻专拽/ PMO, 转 转 - BI/Data analyst, 住转 专 砖转, 转驻注 爪专 (转驻""), 转转: Frontend/Backend/Fullstack, 转, 注爪, 驻 注 砖 注专转 注, QA (Software) - , QA (Software) - 爪, Devops",intel,2-4,10000,砖注转,,
27/05/2020 09:34:39,专/转,注专  住,住转 驻住 专转  (拽 ')," 驻专拽/ PMO, 住转 专 砖转",,2-4,11,,,
27/05/2020 10:05:32,专/转,专住转 专,转 , 驻专拽/ PMO,,2-4,12500,,拽专 砖转转,
27/05/2020 10:22:30,住/转,专住转 专,"转注砖 住专转转 (驻注 爪专, 转注砖 专转/爪转 ')."," 驻专拽/ PMO, 转, 注爪, 驻 注 砖 注专转 注",Iai,2-4,60,砖注转,砖  砖转转 ,
02/06/2020 13:19:39,专/转,专住转 专 ,"转注砖 住专转转 (驻注 爪专, 转注砖 专转/爪转 ').","转 转 - BI/Data analyst, 转驻注 爪专 (转驻"")",Partner,2-4,15000,,,
10/06/2020 19:30:31,住/转,转 砖拽专,"转注砖 住专转转 (驻注 爪专, 转注砖 专转/爪转 ').",专砖, 驻 ,2-4,6000,砖注转,,
10/06/2020 19:50:36,专/转,专住转 专,住 砖转," 驻专拽/ PMO, 转, 注爪, 驻 注 砖 注专转 注",,2-4,14500,,拽专 砖转转,
10/06/2020 20:20:41,专/转, 专,拽 (住专-驻 专转 转),"转, 注爪, 驻 注 砖 注专转 注",专拽住,2-4,15800,,拽专 砖转转,
10/06/2020 23:54:40,专/转,专 专,"转注砖 住专转转 (驻注 爪专, 转注砖 专转/爪转 ').","转驻注 爪专 (转驻"")",,2-4,10500,砖注转,拽专 砖转转,
11/06/2020 09:39:54,住/转,"""驻 (专住 驻转)",住转 驻住 专转  (拽 '),QA (Software) - ,,2-4,13210,,拽专 砖转转 ,
15/06/2020 13:36:06,住/转,"""驻 (专住 驻转)","转注砖 住专转转 (驻注 爪专, 转注砖 专转/爪转 ').","转驻注 爪专 (转驻"")",,2-4,39.4,砖注转,,
05/08/2020 11:41:12,专/转,转 砖拽专,拽 (住专-驻 专转 转), 驻专拽/ PMO,,2-4,12000,砖注转,,
05/08/2020 11:41:16,专/转,转 砖拽专,拽 (住专-驻 专转 转), 驻专拽/ PMO,,2-4,12000,砖注转,,
05/08/2020 11:42:40,住/转, 专,拽 (住专-驻 专转 转),注 转 - Data science,intel,2-4,65,砖注转,,
05/08/2020 11:44:58,专/转, 专,拽 (住专-驻 专转 转),注 转 - Data science,,2-4,38000,,"拽专 砖转转, 专 拽",
05/08/2020 11:47:13,专/转,专住转 专,转 , 驻专拽/ PMO,,2-4,15000,,专 爪 砖,
05/08/2020 11:52:53,住/转,,拽 (住专-驻 专转 转),转 转 - BI/Data analyst,,2-4,7000,砖注转,,
05/08/2020 17:10:20,住/转,专住转 专,"转注砖 住专转转 (驻注 爪专, 转注砖 专转/爪转 ').",住转 专 砖转,Iai,2-4,6500,砖注转,,
05/08/2020 18:48:30,住/转,"""驻 (专住 驻转)",拽 (住专-驻 专转 转)," 驻专拽/ PMO, 转, 注爪, 驻 注 砖 注专转 注, QA (Software) - ",,2-4,50,砖注转,,
24/09/2020 11:57:33,专/转,转 驻拽,拽 (住专-驻 专转 转),Operation,Moon active,2-4,15000,,,
24/09/2020 11:59:52,专/转,专 拽 ,拽 (住专-驻 专转 转),转 转 - BI/Data analyst,exlibris,2-4,12500,,拽专 砖转转,
24/09/2020 12:10:32,住/转,"""驻 (专住 驻转)",住转 驻住 专转  (拽 '), 驻专拽/ PMO,驻注,2-4,16000,,拽专 砖转转,
24/09/2020 12:38:17,住/转,专 专,"转注砖 住专转转 (驻注 爪专, 转注砖 专转/爪转 ').","转""",专驻,2-4,50,砖注转,,
24/09/2020 12:56:42,专/转,专住转 专,"转注砖 住专转转 (驻注 爪专, 转注砖 专转/爪转 ').",住转 转,,2-4,14400,,"拽转 专, 拽专 砖转转,  ,  专",
24/09/2020 12:58:40,专/转,转 驻拽,拽 (住专-驻 专转 转),转 转 - BI/Data analyst,,2-4,16000,,,
24/09/2020 13:50:02,专/转,专住转 专,拽 (住专-驻 专转 转),转 转 - BI/Data analyst,Mixtiles,2-4,17000,,驻住 拽专 砖转转 驻爪转  ,
24/09/2020 14:22:23,专/转,转 住 砖注,"转注砖 住专转转 (驻注 爪专, 转注砖 专转/爪转 ').","转驻注 爪专 (转驻"")",,2-4,11000,,,
24/09/2020 16:40:40,专/转,转 住 砖注,拽 (住专-驻 专转 转),Product manager,,2-4,20000,,"拽专 砖转转,  6 砖 住,   专砖, 22  驻砖 砖",
02/11/2020 19:19:53,专/转,专住转 专,, 驻专拽/ PMO,,2-4,15000,,拽专 砖转转 专 爪 砖,
02/11/2020 19:44:43,专/转,专住转 专,"转注砖 住专转转 (驻注 爪专, 转注砖 专转/爪转 ').","转驻注 爪专 (转驻"")",转注砖 专转 ,2-4,13000,,拽专 砖转转 ,
02/11/2020 19:59:49,专/转,专住转 专,拽 (住专-驻 专转 转),Support,,2-4,50,砖注转,,
03/11/2020 17:31:16,住/转,专住转 专,"转注砖 住专转转 (驻注 爪专, 转注砖 专转/爪转 ').", 驻专拽/ PMO,,2-4,5000,砖注转,,
15/11/2020 09:55:56,住/转,"""驻 (专住 驻转)","转注砖 住专转转 (驻注 爪专, 转注砖 专转/爪转 ').", 驻专拽/ PMO,,2-4,4000,砖注转,,
16/11/2020 16:41:39,住/转,专驻,"转注砖 住专转转 (驻注 爪专, 转注砖 专转/爪转 ')."," 驻专拽/ PMO, 转驻注 爪专 (转驻"")",,2-4,8000,,,
16/11/2020 16:41:46,住/转,专驻,"转注砖 住专转转 (驻注 爪专, 转注砖 专转/爪转 ')."," 驻专拽/ PMO, 转驻注 爪专 (转驻"")",,2-4,8000,,,
21/11/2020 15:13:07,专/转,"""驻 (专住 驻转)",转 转,"转, 注爪, 驻 注 砖 注专转 注",,2-4,12000,,"拽专 砖转转 , 3000 砖 专 爪转 住注 砖",
21/11/2020 16:05:23,专/转,,拽 (住专-驻 专转 转),"转, 注爪, 驻 注 砖 注专转 注",,2-4,10000,,,
21/11/2020 17:46:00,专/转,专住转 专,住 砖转,"转, 注爪, 驻 注 砖 注专转 注",,2-4,10000,,,
21/11/2020 17:46:04,专/转,专住转 专,住 砖转,"转, 注爪, 驻 注 砖 注专转 注",,2-4,10000,,,
21/11/2020 17:49:49,专/转,专住转 专,住 砖转,住转 专 砖转,,2-4,14600,,"拽转 专, 拽专 砖转转 , 砖专转 13",
22/11/2020 21:43:34,专/转,专住转 专,转  专,住,转  专,2-4,9000,,,
12/01/2021 09:15:16,专/转,转 驻拽,拽 (住专-驻 专转 转),转 转 - BI/Data analyst,Leadspace,2-4,16000,,,
12/01/2021 10:03:06,专/转,"""驻 (专住 驻转)",转 转,"转, 注爪, 驻 注 砖 注专转 注",,2-4,15000,,"专 住注转 拽转 专 专抓  转砖 住注转  专, 拽专 砖转转",
12/01/2021 10:25:40,专/转,转 住 砖注,住拽,住转 专 砖转,,2-4,11500,,,
31/01/2021 15:13:48,住/转,专住转 专,"转注砖 住专转转 (驻注 爪专, 转注砖 专转/爪转 ').",QA (Software) - ,,2-4,10000,,,
31/01/2021 16:29:30,专/转,专住转 转 ,住转 驻住 专转  (拽 '),"注 转 - Data science, Data engineering",拽住,2-4,17000,,,
24/04/2021 14:10:04,专/转,转 住 砖注,拽, 驻专拽 注专转 注,,2-4,18,,拽专 砖转转,
21/05/2021 10:35:11,专/转,转 砖拽专,专 转砖转 ,专砖,,2-4,15000,,,
21/05/2021 10:35:32,住/转,转 住 砖注,"转注砖 住专转转 (驻注 爪专, 转注砖 专转/爪转 ').","住转 专 砖转, 转, 注爪, 驻 注 砖 注专转 注",,2-4,10000,砖注转,,
21/05/2021 10:36:12,专/转,专住转 专,专转 , 驻专拽/ PMO,,2-4,15500,,拽专 砖转转 ,
21/05/2021 11:58:36,专/转,专住转 专,专转 注抓,住转 专 砖转,,2-4,12500,,,
21/05/2021 12:04:19,专/转,"""驻 (专住 驻转)","转注砖 住专转转 (驻注 爪专, 转注砖 专转/爪转 ').","转转: Frontend/Backend/Fullstack, 转, 注爪, 驻 注 砖 注专转 注",Elbit,2-4,22000,,砖专转 13,
21/05/2021 12:18:04,专/转,转 驻拽,拽 (住专-驻 专转 转),DevOps &apm engineer ,,2-4,15000,,,
21/05/2021 18:45:22,住/转,"""驻 (专住 驻转)","转注砖 住专转转 (驻注 爪专, 转注砖 专转/爪转 ').","转 转 - BI/Data analyst, 住转 专 砖转",爪,2-4,5000,砖注转,,
13/06/2021 12:55:18,专/转,转 砖拽专,拽 (住专-驻 专转 转)," 驻专拽/ PMO, 住转 专 砖转",,2-4,14500,,"拽专 砖转转,  注专 1000 砖",
08/10/2021 12:50:44,专/转, 专,拽 (住专-驻 专转 转), 爪专 product manager ,,2-4,24000,,"拽专 砖转转 注  住, 转, 转 住, 住 砖转,  专转 ",
08/10/2021 12:51:34,专/转,专住转 专,住 砖转,转 转 - BI/Data analyst,专转 砖,2-4,20000,砖注转,"砖专转 13, 拽""砖, 专转, 转转 '",
08/10/2021 12:59:04,专/转,转 注专,专转 注抓 专转 砖,注爪转 注专转 注,KPMG,2-4,16000,,"拽转 专, 拽专 砖转转, 转砖 注 砖注转 住驻转",
08/10/2021 13:09:32,专/转,专住转 专,专转 , 驻专拽/ PMO,,2-4,17000,,拽专 砖转转,
08/10/2021 14:04:23,专/转,专住转 专,"转注砖 住专转转 (驻注 爪专, 转注砖 专转/爪转 ')."," 驻专拽/ PMO, 转驻注 爪专 (转驻"")",,2-4,18480,,"砖专转 13, 14 拽专 砖转转",
08/10/2021 14:25:53,专/转,"""驻 (专住 驻转)",住 砖转,Devops,,2-4,22000,,,
08/10/2021 19:05:55,专/转,专驻,住转 驻住 专转  (拽 '),拽专转 注抓 注专转 注,驻 拽,2-4,8000,砖注转,,
09/10/2021 21:53:01,专/转,专住转 专,"转注砖 住专转转 (驻注 爪专, 转注砖 专转/爪转 ')."," 驻专拽/ PMO, 住转 专 砖转",,2-4,13500,,"住 砖转, 拽专 砖转转",
23/02/2022 10:25:42,住/转,转 砖拽专,拽 (住专-驻 专转 转), 驻专拽/ PMO,,2-4,16000,,拽专 砖转转   住住,
10/04/2022 13:53:58,专/转,专住转 转 ,拽 (住专-驻 专转 转),注 转 - Data science,Fixefy,2-4,17000,,拽专 砖转转,
22/05/2022 14:14:44,专/转,转 砖拽专,"转注砖 住专转转 (驻注 爪专, 转注砖 专转/爪转 ').", 驻专拽/ PMO,,2-4,14700,,拽专 砖转转,
01/08/2019 11:42:59,专/转,专 ,"转注砖 住专转转 (驻注 爪专, 转注砖 专转/爪转 ').","转驻注 爪专 (转驻"")",转注砖,10+,11000,,,
01/08/2019 12:07:04,专/转," 住 , 住","转注砖 住专转转 (驻注 爪专, 转注砖 专转/爪转 ').","转驻注 爪专 (转驻"")",,10+,15000,,,
01/08/2019 18:54:48,住/转,"""驻 (专住 驻转)",住 砖转,注专转 转 + 专砖转转 专转转,砖专 专,10+,11000,,"拽转 砖, 驻 , ,  ",
02/08/2019 21:47:00,住/转,"""驻 (专住 驻转)","转注砖 住专转转 (驻注 爪专, 转注砖 专转/爪转 ').","转驻注 爪专 (转驻"")",,10+,13000,砖注转,拽专 砖转转,
04/09/2019 22:14:30,专/转,,拽 (住专-驻 专转 转),"转, 注爪, 驻 注 砖 注专转 注",,10+,35000,,,
05/12/2019 20:52:52,专/转,,"转注砖 住专转转 (驻注 爪专, 转注砖 专转/爪转 ').",住转 专 砖转,,10+,25000,,,
23/01/2020 13:33:57,住/转,"""驻 (专住 驻转)","转注砖 住专转转 (驻注 爪专, 转注砖 专转/爪转 ').","住转 专 砖转, 转驻注 爪专 (转驻"")",专 ,10+,13000,,,
05/08/2020 12:07:46,专/转, 专,拽 (住专-驻 专转 转),注 转 - Data science,,10+,46000,,,
05/08/2020 12:07:54,专/转, 专,拽 (住专-驻 专转 转),注 转 - Data science,,10+,46000,,,
02/11/2020 19:34:54,专/转,专,"转注砖 住专转转 (驻注 爪专, 转注砖 专转/爪转 ').","转驻注 爪专 (转驻"")",,10+,14000,砖注转,,
12/01/2021 14:25:33,专/转,"拽转 转"" 驻",拽 (住专-驻 专转 转),"转转: Frontend/Backend/Fullstack, Devops",Microsoft,10+,47594,,"拽专 砖转转 转 驻专砖 注专 转拽专 注 7.5% 注住拽 转住驻转 2.5% 注,  专  驻专砖  拽专 砖转转 注 住 专  专  专 砖. 专 爪转 砖 1200 砖, 专 爪转 住驻专 1000 砖,  专转 驻专 注 85% 砖转转驻转   驻专, 23  驻砖 砖",
08/10/2021 12:49:33,专/转,驻,"转注砖 住专转转 (驻注 爪专, 转注砖 专转/爪转 ').","转驻注 爪专 (转驻"")",,10+,13000,砖注转,"拽""砖",
01/08/2019 11:43:53,住/转, 专,"转注砖 住专转转 (驻注 爪专, 转注砖 专转/爪转 ').","转驻注 爪专 (转驻"")",,0-1,32,砖注转,,
01/08/2019 11:44:12,专/转,HIT  ,"转注砖 住专转转 (驻注 爪专, 转注砖 专转/爪转 ').","专砖 """, 专,0-1,37,砖注转,驻砖转 砖专转 转 注专转 '专,
01/08/2019 11:48:46,专/转,转 住 砖注,注, 驻专拽 注专转 注,注,0-1,12500,,,
01/08/2019 11:49:19,住/转,专住转 专 ,"转注砖 住专转转 (驻注 爪专, 转注砖 专转/爪转 ')."," 驻专拽/ PMO, 转驻注 爪专 (转驻"")",,0-1,4900,砖注转,,
01/08/2019 11:58:20,住/转,专住转 专,"转注砖 住专转转 (驻注 爪专, 转注砖 专转/爪转 ').","转驻注 爪专 (转驻"")",Elbit,0-1,5000,砖注转,40 砖 砖注,
01/08/2019 12:03:46,住/转,"""驻 (专住 驻转)",住 砖转,专 驻专拽,,0-1,3000,砖注转,,
01/08/2019 12:05:39,住/转,"""驻 (专住 驻转)",住 砖转,转 转 - BI/Data analyst,ZIM,0-1,40,砖注转,,
01/08/2019 12:09:53,住/转,"""驻 (专住 驻转)",拽 (住专-驻 专转 转)," 驻专拽/ PMO, 爪专",AtoZ,0-1,12000,,,
01/08/2019 12:14:35,专/转,转 驻拽,专转 ,"转, 注爪, 驻 注 砖 注专转 注",,0-1,10000,,,
01/08/2019 12:19:36,住/转,"""驻 (专住 驻转)","转注砖 住专转转 (驻注 爪专, 转注砖 专转/爪转 ').","转, 注爪, 驻 注 砖 注专转 注, QA (Software) - ",,0-1,34,砖注转,,
01/08/2019 12:21:53,住/转,专住转 专,专转 注抓 pmo, 驻专拽/ PMO, ,0-1,6000,砖注转,,
01/08/2019 12:40:04,住/转,"""驻 (专住 驻转)",住转 驻住 专转  (拽 '),转 转 - BI/Data analyst,,0-1,7000,砖注转,,
01/08/2019 12:41:23,住/转,"""驻 (专住 驻转)",转 转,"转, 注爪, 驻 注 砖 注专转 注",,0-1,40,砖注转,砖专转 住.,
01/08/2019 12:45:51,住/转,"""驻 (专住 驻转)",拽 (住专-驻 专转 转)," 驻专拽/ PMO, 转, 注爪, 驻 注 砖 注专转 注",,0-1,6000,,60% 砖专 - 住,
01/08/2019 12:53:55,专/转,转 砖拽专,专转 注抓," 驻专拽/ PMO, 住 拽专",Monfort Advisory,0-1,9500,,"转转 住转,  砖 拽砖专 ",
01/08/2019 13:46:55,住/转,"""驻 (专住 驻转)","转注砖 住专转转 (驻注 爪专, 转注砖 专转/爪转 ').",转 拽专,转 ,0-1,2900,砖注转,,
01/08/2019 14:43:41,专/转,专住转 专,拽 (住专-驻 专转 转),"转驻注 爪专 (转驻"")",,0-1,12500,,,
01/08/2019 16:38:58,住/转,专驻 ,拽 (住专-驻 专转 转),IT,SEGMENT,0-1,7500,, 注 转砖转 砖 专,
01/08/2019 18:53:30,住/转,专住转 专,专转 注抓,"转, 注爪, 驻 注 砖 注专转 注",,0-1,35,砖注转,,
01/08/2019 18:56:17,住/转,专住转 专,拽 (住专-驻 专转 转), 驻专拽/ PMO,,0-1,10000,砖注转,"50 砖注 , 200 砖注转 砖转",
01/08/2019 18:57:06,住/转,"""驻 (专住 驻转)","转注砖 住专转转 (驻注 爪专, 转注砖 专转/爪转 ').", 驻专拽/ PMO,,0-1,43,砖注转,,
01/08/2019 19:40:26,住/转,专住转 专,"转注砖 住专转转 (驻注 爪专, 转注砖 专转/爪转 ').","转, 注爪, 驻 注 砖 注专转 注",专,0-1,45,砖注转,,
01/08/2019 20:13:51,住/转,"""驻 (专住 驻转)","转注砖 住专转转 (驻注 爪专, 转注砖 专转/爪转 ').","转驻注 爪专 (转驻"")",,0-1,7500,砖注转,,
01/08/2019 20:31:21,专/转,专住转 专,"转注砖 住专转转 (驻注 爪专, 转注砖 专转/爪转 ').","转驻注 爪专 (转驻"")",,0-1,12500,砖注转,砖 住注转 1500 砖,
02/08/2019 15:45:37,住/转,,住 砖转,"转驻注 爪专 (转驻"")",,0-1,4500,砖注转,,
02/08/2019 15:47:26,住/转,,拽 (住专-驻 专转 转),转 转 - BI/Data analyst,Intel,0-1,62,砖注转,,
02/08/2019 16:16:54,住/转,,"转注砖 住专转转 (驻注 爪专, 转注砖 专转/爪转 ').",CI,住,0-1,50,砖注转,,
02/08/2019 16:42:18,专/转,转 住 砖注,拽 (住专-驻 专转 转),"转驻注 爪专 (转驻"")",FLEX,0-1,7500,砖注转,"住注转 + 专转 """,
02/08/2019 16:58:42,住/转,专住转 专,"转注砖 住专转转 (驻注 爪专, 转注砖 专转/爪转 ').",专砖 住拽,,0-1,4500,砖注转,,
02/08/2019 17:02:27,住/转,,拽 (住专-驻 专转 转), 驻专拽/ PMO,Intel,0-1,50,砖注转,,
02/08/2019 17:16:27,住/转,专住转 专,拽 (住专-驻 专转 转),"转驻注 爪专 (转驻"")",,0-1,35,砖注转,,
02/08/2019 17:16:59,专/转,专住转 专,拽 (住专-驻 专转 转),QA (Software) - ,,0-1,11000,,,
02/08/2019 17:21:19,住/转,转 驻拽,拽 (住专-驻 专转 转),Devops,Intel,0-1,47,砖注转,,
02/08/2019 17:21:45,住/转,专住转 专,"转注砖 住专转转 (驻注 爪专, 转注砖 专转/爪转 ').", 驻专拽/ PMO,,0-1,45,砖注转,,
02/08/2019 17:22:14,住/转,"""驻 (专住 驻转)",住 砖转, 驻专拽/ PMO,,0-1,3800,砖注转,,
02/08/2019 17:25:23,住/转,"""驻 (专住 驻转)",住 砖转, 驻专拽/ PMO,,0-1,30,砖注转,,
02/08/2019 17:35:19,专/转,转 住 砖注,"转注砖 住专转转 (驻注 爪专, 转注砖 专转/爪转 ').","转驻注 爪专 (转驻"")",住住专,0-1,9500,,,
02/08/2019 17:37:30,专/转,转 注专 ( 住) 专砖,拽 (住专-驻 专转 转),转 转 - BI/Data analyst,Exlibris,0-1,13000,,拽专 砖转转,
02/08/2019 17:41:24,住/转,转 注专 专砖,住 砖转,转 转 - BI/Data analyst,,0-1,34,砖注转,"拽专 砖转转, 专转",
02/08/2019 17:43:00,住/转,,拽 (住专-驻 专转 转),转 转 - BI/Data analyst,,0-1,70,砖注转,拽专 砖转转,
02/08/2019 17:50:09,住/转,"""驻 (专住 驻转)",拽 (住专-驻 专转 转), 驻专拽/ PMO,,0-1,11500,,"拽专 砖转转, 住 砖转, 驻住 ",
02/08/2019 18:25:38,住/转,"""驻 (专住 驻转)","转注砖 住专转转 (驻注 爪专, 转注砖 专转/爪转 ').",住转 专 砖转,,0-1,40,砖注转,,
02/08/2019 18:44:39,住/转,,"转注砖 住专转转 (驻注 爪专, 转注砖 专转/爪转 ').","转驻注 爪专 (转驻"")",,0-1,40,砖注转,,
02/08/2019 18:59:56,住/转, 专,"转注砖 住专转转 (驻注 爪专, 转注砖 专转/爪转 ').","转驻注 爪专 (转驻"")",Elbit Systems,0-1,40,砖注转,,
02/08/2019 19:02:01,专/转, 专,"转注砖 住专转转 (驻注 爪专, 转注砖 专转/爪转 ').","转驻注 爪专 (转驻"")",Elbit Systems,0-1,10500,,爪驻 20 砖注转 住驻转 (砖专 拽 注 注 住祝),
02/08/2019 19:14:06,住/转,,拽 (住专-驻 专转 转), 驻专拽/ PMO,Intel,0-1,51.2,砖注转,"砖转转驻转 转转 转,转拽爪 转 , 3 专转 ,  驻砖 转砖 砖  转, 转转 转拽驻转  ",
02/08/2019 19:19:36,住/转,专住转 转 ,拽 (住专-驻 专转 转),QA (Software) - ,,0-1,48,砖注转,,
03/08/2019 01:07:16,住/转,专住转 专,"转注砖 住专转转 (驻注 爪专, 转注砖 专转/爪转 ').","转驻注 爪专 (转驻"")",转注砖 专转,0-1,39,砖注转,,
03/08/2019 09:47:15,住/转, 专,拽 (住专-驻 专转 转),转 转 - BI/Data analyst,Solaredge,0-1,55,砖注转,,
03/08/2019 13:56:31,专/转,,Low tech, 驻专拽/ PMO,,0-1,13500,,拽专 砖转转,
04/08/2019 13:37:23,住/转,"""驻 (专住 驻转)",住 砖转,"转驻注 爪专 (转驻"")",,0-1,4100,砖注转,爪 砖专. 砖 拽专 砖转转,
04/08/2019 21:15:35,住/转,"""驻 (专住 驻转)",住 砖转,住转 专 砖转,砖专 专砖 砖,0-1,4500,砖注转,转 砖 注 ,
04/08/2019 21:21:06,专/转,转 驻拽,专转 驻专 拽,CRM Manager,Boehringer ingelheim,0-1,12000,,"住 ( 砖专转 砖转), 驻, 拽专 砖转转, 住住",
04/08/2019 21:23:00,专/转, 住,转 ," 驻专拽/ PMO, 住转 专 砖转",住 注 专,0-1,10000,,拽专 砖转转 住,
04/08/2019 21:24:23,住/转,"""驻 (专住 驻转)","转注砖 住专转转 (驻注 爪专, 转注砖 专转/爪转 ').",Devops,,0-1,10000,,,
04/08/2019 21:25:01,住/转,专住转 专,"转注砖 住专转转 (驻注 爪专, 转注砖 专转/爪转 ').","转驻注 爪专 (转驻"")",转注砖 专转,0-1,40,砖注转,,
04/08/2019 21:28:29,住/转,专住转 专,"转注砖 住专转转 (驻注 爪专, 转注砖 专转/爪转 ').",注专转  驻专拽 住,转注砖 专转,0-1,39.04,砖注转,,
04/08/2019 21:30:48,住/转,专住转 专,注抓," 驻专拽/ PMO, 转驻注 爪专 (转驻"")",Teffen,0-1,35,砖注转,,
04/08/2019 21:54:11,专/转,转 住 砖注,"转注砖 住专转转 (驻注 爪专, 转注砖 专转/爪转 ').","转驻注 爪专 (转驻"")",住驻,0-1,9000,,,
07/08/2019 17:08:27,住/转,专住转 专,"转注砖 住专转转 (驻注 爪专, 转注砖 专转/爪转 ')."," 驻专拽/ PMO, 转驻注 爪专 (转驻"")",驻专驻住,0-1,4000,砖注转,,
11/08/2019 15:34:31,住/转,,拽 (住专-驻 专转 转),拽专 转拽爪转,,0-1,60,砖注转,拽专 砖转转,
14/08/2019 11:49:31,住/转,HIT  ,"转注砖 住专转转 (驻注 爪专, 转注砖 专转/爪转 ').",住转 专 砖转,转注砖 专转,0-1,55,砖注转,,
14/08/2019 13:24:33,住/转,"""驻 (专住 驻转)","转注砖 住专转转 (驻注 爪专, 转注砖 专转/爪转 ').", 驻专拽/ PMO,转,0-1,3000,砖注转,,
14/08/2019 13:43:14,住/转,HIT  ,住转 驻住 专转  (拽 '), 驻专拽/ PMO,,0-1,37.5,砖注转,,
14/08/2019 21:13:13,住/转,专住转 专,住 砖转, 驻专拽/ PMO,,0-1,9000,砖注转,拽专 砖转转,
14/08/2019 21:28:01,住/转,专住转 专,专 转驻转转 转 爪专,QA (Software) - ,,0-1,4500,砖注转,,
14/08/2019 23:00:22,住/转,专住转 专,"转注砖 住专转转 (驻注 爪专, 转注砖 专转/爪转 ').","转驻注 爪专 (转驻"")", 注专转-驻,0-1,40,砖注转,专转 拽专 爪专  ,
15/08/2019 16:06:49,专/转,,拽 (住专-驻 专转 转),"转, 注爪, 驻 注 砖 注专转 注",Ncr,0-1,10000,,,
15/08/2019 23:30:25,住/转,专住转 专,砖拽 驻爪,转 转 - BI/Data analyst,专 住,0-1,5000,,,
15/08/2019 23:45:00,专/转,转 住 砖注,"转注砖 住专转转 (驻注 爪专, 转注砖 专转/爪转 ').","转驻注 爪专 (转驻"")",,0-1,7500,砖注转,,
19/08/2019 15:13:24,住/转,转 住 砖注,拽 (住专-驻 专转 转)," 驻专拽/ PMO, 转 转 - BI/Data analyst, 转转: Frontend/Backend/Fullstack",,0-1,10,砖注转,,
22/08/2019 19:16:32,住/转,转 住 砖注,"转注砖 住专转转 (驻注 爪专, 转注砖 专转/爪转 ').", 驻专拽/ PMO,注,0-1,33,砖注转,住注转 ,
22/08/2019 19:49:53,住/转,专驻,"转注砖 住专转转 (驻注 爪专, 转注砖 专转/爪转 ').","转驻注 爪专 (转驻""), 驻专",.,0-1,45,砖注转,拽专 砖转转 砖 ,
22/08/2019 19:55:52,住/转,转 住 砖注,住 砖转,住转 专 砖转,,0-1,35,砖注转,,
22/08/2019 22:11:41,住/转,"""驻 (专住 驻转)",拽 (住专-驻 专转 转),"转, 注爪, 驻 注 砖 注专转 注",Elbit,0-1,60,砖注转,,
22/08/2019 22:12:07,专/转, 专,专转 注抓,住转 专 砖转,,0-1,15000,,,
23/08/2019 09:38:41,专/转,拽专 住 转 ,"转注砖 住专转转 (驻注 爪专, 转注砖 专转/爪转 ').","转驻注 爪专 (转驻"")", 驻,0-1,8800,砖注转,,
23/08/2019 11:50:16,专/转,专住转 专,拽 (住专-驻 专转 转),Rpa,Hms,0-1,14000,,,
25/08/2019 14:45:38,住/转,专,住 砖转,注专转 转 砖驻转,,0-1,3720,砖注转,"拽专 砖转转 , 驻住 ",
25/08/2019 14:48:51,住/转,,拽 (住专-驻 专转 转),"Devops,  拽 DevOps   转转 住拽专驻 注拽专",,0-1,56,砖注转,,
25/08/2019 14:53:35,住/转,专 拽 ,住 砖转,转 转 - BI/Data analyst,,0-1,4000,砖注转,砖专 砖转 拽注 住,
25/08/2019 16:25:40,专/转,注拽 专注,住 砖转,转 转 - BI/Data analyst,,0-1,1100,,"砖专  砖注转 住驻转, 拽专 砖转转, 19  驻砖",
25/08/2019 16:29:58,专/转,转 住 砖注,专转 驻,砖 注专转 注,CASTRO,0-1,8500,,,
25/08/2019 16:36:30,住/转,转 驻拽,"转注砖 住专转转 (驻注 爪专, 转注砖 专转/爪转 ').", 驻专拽/ PMO,,0-1,35,砖注转,,
25/08/2019 17:36:23,专/转,转 住 砖注,"转注砖 住专转转 (驻注 爪专, 转注砖 专转/爪转 ').", 驻专拽/ PMO,Elal,0-1,12800,,"砖专转 13, 拽专 砖转转",
25/08/2019 18:22:44,住/转,专住转 专,"转注砖 住专转转 (驻注 爪专, 转注砖 专转/爪转 ').","转驻注 爪专 (转驻"")",Elbit ,0-1,35,砖注转,,
28/08/2019 12:12:25,住/转,专住转 专,"转注砖 住专转转 (驻注 爪专, 转注砖 专转/爪转 ').",住转 专 砖转,Maytronucs,0-1,40,砖注转,,
04/09/2019 15:21:23,住/转,,"转注砖 住专转转 (驻注 爪专, 转注砖 专转/爪转 ').","转驻注 爪专 (转驻"")",专驻,0-1,45,砖注转,,
04/09/2019 21:37:44,住/转,"""驻 (专住 驻转)","转注砖 住专转转 (驻注 爪专, 转注砖 专转/爪转 ').","转驻注 爪专 (转驻"")",Hanson,0-1,11000,砖注转,,
04/09/2019 21:44:03,住/转,"""驻 (专住 驻转)", 注, 驻专拽/ PMO,,0-1,2000,砖注转,,
27/09/2019 13:38:07,住/转,"""驻 (专住 驻转)",拽 (住专-驻 专转 转), 驻专拽/ PMO,,0-1,10000,砖注转,"拽专 砖转转, 转  ",
27/09/2019 13:38:14,住/转,,"转注砖 住专转转 (驻注 爪专, 转注砖 专转/爪转 ').","转驻注 爪专 (转驻"")",,0-1,40,砖注转,,
27/09/2019 13:41:08,住/转,专 专,"转注砖 住专转转 (驻注 爪专, 转注砖 专转/爪转 ')."," 驻专拽/ PMO, 住转 专 砖转",Palram,0-1,42,砖注转,,
27/09/2019 16:44:06,住/转, 专,专转 注抓,住转 专 砖转,,0-1,50,砖注转, 拽专 砖转转. 砖专转 砖专  10000 专,
27/09/2019 18:37:03,专/转,专住转 专,拽 (住专-驻 专转 转),转 转 - BI/Data analyst,Unilever,0-1,13500,砖注转,"爪 砖 专 专转  ,  转  专砖",
28/09/2019 04:00:34,住/转,"""驻 (专住 驻转)","转注砖 住专转转 (驻注 爪专, 转注砖 专转/爪转 ').","转驻注 爪专 (转驻"")",,0-1,14000,砖注转,拽专 砖转转 ,
04/10/2019 09:11:44,专/转,专住转 专,住 砖转, 砖专 ,,0-1,8000,砖注转,,
04/10/2019 18:45:13,住/转,专住转 专,拽 (住专-驻 专转 转),Support,,0-1,5000,砖注转,,
04/10/2019 18:49:15,专/转,HIT  ,拽 (住专-驻 专转 转),Devops,,0-1,8000,砖注转,,
04/10/2019 18:56:49,住/转,转 驻拽,转 拽驻," 驻专拽/ PMO, 住转 专 砖转, 转驻注 爪专 (转驻""), 转, 注爪, 驻 注 砖 注专转 注",,0-1,5000,砖注转,,
04/10/2019 18:57:46,专/转, 专,专转 注抓, 驻专拽/ PMO,,0-1,10500,,砖专转 13,
04/10/2019 19:04:58,住/转,"""驻 (专住 驻转)","转注砖 住专转转 (驻注 爪专, 转注砖 专转/爪转 ').",住转 转,,0-1,4000,砖注转,拽转 专- 1800 砖专 - 注 驻 住驻专  注,
05/10/2019 20:56:54,专/转,专住转 专,拽 (住专-驻 专转 转),"转驻注 爪专 (转驻"")",,0-1,12000,,拽专 砖转转,
08/10/2019 16:51:11,住/转, 专,"转注砖 住专转转 (驻注 爪专, 转注砖 专转/爪转 ').","转驻注 爪专 (转驻"")",,0-1,34,砖注转,,
25/10/2019 08:04:43,住/转,专住转 专,住 砖转,"转驻注 爪专 (转驻"")",砖专  砖,0-1,40,砖注转,,
15/11/2019 13:21:55,专/转,转 驻拽,住转 驻住 专转  (拽 '),驻转 RPA,EY,0-1,11000,砖注转,,
16/11/2019 19:31:00,住/转,转 专 ,"转注砖 住专转转 (驻注 爪专, 转注砖 专转/爪转 ').","转驻注 爪专 (转驻"")",转 拽 ,0-1,9000,砖注转,,
16/11/2019 19:31:21,专/转,转 专,专转  拽,"转驻注 爪专 (转驻"")",,0-1,9800,,拽专 砖转转 ,
16/11/2019 19:37:58,住/转, 专,拽 (住专-驻 专转 转),转 转 - BI/Data analyst,wix,0-1,75,砖注转,,
16/11/2019 19:54:24,住/转,转 住 砖注,"转注砖 住专转转 (驻注 爪专, 转注砖 专转/爪转 ').", 驻专拽/ PMO,转,0-1,5000,砖注转,,
16/11/2019 20:13:45,住/转, 专,专转 注抓," 驻专拽/ PMO, 住转 专 砖转",,0-1,50,砖注转,,
17/11/2019 13:04:22,住/转,"""驻 (专住 驻转)",拽注转, 注专转 注,,0-1,42,砖注转,,
28/11/2019 10:47:18,住/转,HIT  ,"转注砖 住专转转 (驻注 爪专, 转注砖 专转/爪转 ').",转 转 - 砖专 转拽祝 注专转 转,砖专转 专转 转,0-1,9800,,"拽专 砖转转, , 拽转 专",
28/11/2019 10:52:16,住/转,"""驻 (专住 驻转)",住 砖转,"转 转 - BI/Data analyst, 住转 专 砖转",专驻,0-1,45,砖注转,专,
28/11/2019 10:52:23,住/转,"""驻 (专住 驻转)",住 砖转,"转 转 - BI/Data analyst, 住转 专 砖转",专驻,0-1,45,砖注转,专,
28/11/2019 12:22:36,住/转, 专,住 砖转,转专,,0-1,5500,砖注转,,
28/11/2019 17:40:39,住/转,转 驻拽,拽 (住专-驻 专转 转)," 驻专拽/ PMO, 转 转 - BI/Data analyst, 转, 注爪, 驻 注 砖 注专转 注",,0-1,3800,砖注转,,
03/12/2019 10:05:49,专/转, 住 专砖,专转 注抓,"注抓 注专转 转,  驻专拽",专转 注抓,0-1,10000,,"砖专转 10k 注专 168 砖注转 砖, 住住 专转",
04/12/2019 00:01:47,住/转,转 驻拽,拽 (住专-驻 专转 转),"转 转 - BI/Data analyst, 注 转 - Data science",,0-1,5200,,,
05/12/2019 20:32:42,专/转,HIT  ,拽 (住专-驻 专转 转),"转, 注爪, 驻 注 砖 注专转 注, 砖 注专转 爪",转 转拽砖专转 砖,0-1,10000,,拽专 砖转转,
05/12/2019 20:38:27,住/转,专住转 专,住转 驻住 专转  (拽 ')," 驻专拽/ PMO, 转 转 - BI/Data analyst",,0-1,40,砖注转,,
05/12/2019 21:30:00,专/转,专住转 专,"转注砖 住专转转 (驻注 爪专, 转注砖 专转/爪转 ').",住转 专 砖转,,0-1,11500,砖注转,"住, 拽专 砖转转, 驻驻 ",
08/12/2019 00:39:10,专/转,专住转 专,住 砖转,"转, 注爪, 驻 注 砖 注专转 注",,0-1,8000,,,
09/12/2019 09:22:47,住/转,转 砖拽专,拽 (住专-驻 专转 转),"转, 注爪, 驻 注 砖 注专转 注",KPMG,0-1,12000,,"拽专 砖转转, 专 住注转 500 专 砖",
09/12/2019 11:04:44,住/转, 专,拽 (住专-驻 专转 转),转 转 - BI/Data analyst,,0-1,6000,,,
09/12/2019 12:58:31,住/转,转 砖拽专,拽 (住专-驻 专转 转),转 转 - BI/Data analyst,Sense,0-1,8200,砖注转,住住 20,
09/12/2019 13:22:49,住/转,转 砖拽专,拽 (住专-驻 专转 转), 驻专拽/ PMO,,0-1,7000,砖注转,,
09/12/2019 13:51:12,住/转,转 砖拽专,"转注砖 住专转转 (驻注 爪专, 转注砖 专转/爪转 ').",转 拽专,转注砖 专转,0-1,59.25,砖注转,,
09/12/2019 19:09:22,专/转, 专,注抓,住转 专 砖转,,0-1,15000,,"拽专 砖转转, 爪转 住注 ",
09/12/2019 21:11:19,专/转,专驻,转 驻专,sales force - support and solutions,,0-1,8500,,,
11/12/2019 10:23:01,住/转,转 砖拽专,专 驻专转 拽," 驻专拽/ PMO, 注抓  注住拽",,0-1,5500,砖注转,,
12/12/2019 14:19:46,住/转,转 住 砖注,拽 (住专-驻 专转 转),转 转 - BI/Data analyst,,0-1,50,砖注转,,
13/12/2019 13:36:54,住/转,转 驻拽,"转注砖 住专转转 (驻注 爪专, 转注砖 专转/爪转 ').",转 转驻注 拽专 , 砖 转注砖,0-1,13000,,,
13/12/2019 13:36:57,住/转,转 驻拽,"转注砖 住专转转 (驻注 爪专, 转注砖 专转/爪转 ').",转 转驻注 拽专 , 砖 转注砖,0-1,13000,,,
13/12/2019 18:23:20,住/转,转 驻拽,拽 (住专-驻 专转 转),"转, 注爪, 驻 注 砖 注专转 注",Stma,0-1,9000,,,
23/12/2019 09:01:02,住/转,转 住 砖注,"转注砖 住专转转 (驻注 爪专, 转注砖 专转/爪转 ').","转驻注 爪专 (转驻"")",转,0-1,54,砖注转,,
23/12/2019 09:20:21,住/转,转 住 砖注,"转注砖 住专转转 (驻注 爪专, 转注砖 专转/爪转 ').","转驻注 爪专 (转驻"")",,0-1,40,砖注转,,
27/12/2019 09:37:03,专/转,专住转 专,"转注砖 住专转转 (驻注 爪专, 转注砖 专转/爪转 ').",住转 专 砖转,拽爪转 驻拽住,0-1,8000,,,
27/12/2019 13:53:01,专/转,"""驻 (专住 驻转)",住转 驻住 专转  (拽 '),转 转 - BI/Data analyst,,0-1,100,砖注转,,
28/12/2019 15:53:29,住/转,"""驻 (专住 驻转)","转注砖 住专转转 (驻注 爪专, 转注砖 专转/爪转 ').","转驻注 爪专 (转驻"")",,0-1,7200,砖注转,,
28/12/2019 16:18:41,住/转,转 住 砖注, 砖, 驻专拽/ PMO,,0-1,32,砖注转,,
28/12/2019 17:07:01,专/转,住 砖 ,"转注砖 住专转转 (驻注 爪专, 转注砖 专转/爪转 ')."," 驻专拽/ PMO, 转驻注 爪专 (转驻"")",Flex,0-1,9000,砖注转,"拽专 砖转转, 专转, 住注转, 住 专注",
28/12/2019 17:42:39,住/转,专住转 专,拽 (住专-驻 专转 转),转 转 - BI/Data analyst,Oolo,0-1,45,砖注转,,
29/12/2019 00:04:56,住/转,"""驻 (专住 驻转)",住 砖转," 驻专拽/ PMO, System",,0-1,16000,,拽专 砖转转 ,
29/12/2019 16:10:40,住/转,转 砖拽专,拽 (住专-驻 专转 转),转 转 - BI/Data analyst,,0-1,45,砖注转,,
29/12/2019 16:29:59,住/转,专住转 专,"转注砖 住专转转 (驻注 爪专, 转注砖 专转/爪转 ').", 驻专拽/ PMO,,0-1,41,砖注转,,
02/01/2020 12:31:00,住/转, 专,拽 (住专-驻 专转 转),"转驻注 爪专 (转驻"")",专住驻,0-1,7000,砖注转,拽专 砖转转,
02/01/2020 12:37:08,住/转,专住转 专,拽 (住专-驻 专转 转),HELP DESK,EPR SYSTEMS,0-1,7500,,,
08/01/2020 13:48:08,住/转,专住转 转 ,拽 (住专-驻 专转 转)," 驻专拽/ PMO, 注 转 - Data science, 转, 注爪, 驻 注 砖 注专转 注",Forescout,0-1,60,砖注转,砖转转+ 驻住  专砖,
10/01/2020 11:41:23,专/转,拽转 驻,住 砖转,"转, 注爪, 驻 注 砖 注专转 注",,0-1,10500,,,
10/01/2020 11:46:05,住/转, 专,拽 (住专-驻 专转 转),Product analyst ,,0-1,60,砖注转,,
10/01/2020 11:46:15,住/转,转 砖拽专,拽 (住专-驻 专转 转),转 转 - BI/Data analyst,Dell,0-1,30,砖注转,,
10/01/2020 15:48:02,住/转,专住转 专,拽 (住专-驻 专转 转), 驻专拽/ PMO,,0-1,40,砖注转,,
19/01/2020 09:02:22,专/转,转 住 砖注,"转注砖 住专转转 (驻注 爪专, 转注砖 专转/爪转 ').","转驻注 爪专 (转驻"")",Risco,0-1,8600,,,
19/01/2020 10:36:02,专/转,专驻,转 专专, 驻专拽/ PMO,,0-1,9200,, ,
21/01/2020 10:34:23,住/转,转 砖拽专,拽 (住专-驻 专转 转),转 转 - BI/Data analyst,,0-1,10000,砖注转,,
23/01/2020 13:08:21,住/转,专住转 专,住转 驻住 专转  (拽 '),"转, 注爪, 驻 注 砖 注专转 注, Salesforce",,0-1,50,砖注转,,
23/01/2020 13:12:10,住/转,"""驻 (专住 驻转)","转注砖 住专转转 (驻注 爪专, 转注砖 专转/爪转 ').","转驻注 爪专 (转驻"")",转 注专转,0-1,49.8,砖注转,砖专 住 爪,
23/01/2020 16:23:25,住/转, 专,住转 驻住 专转  (拽 '),转 转 - BI/Data analyst,,0-1,12223,砖注转,,
23/01/2020 16:28:20,专/转,专住转 专,拽 (住专-驻 专转 转),转 转 - BI/Data analyst,Sagarmatha ,0-1,12000,,"拽专 砖转转, 驻爪转 专",
23/01/2020 16:39:04,专/转,转 驻拽,住转 驻住 专转  (拽 '),转 转 - BI/Data analyst,注,0-1,9400,,,
23/01/2020 16:57:29,专/转,专住转 专,住转 驻住 专转  (拽 '),转 转 - BI/Data analyst,,0-1,15000,,,
14/02/2020 14:02:22,住/转,专住转 专,拽 (住专-驻 专转 转),"转, 注爪, 驻 注 砖 注专转 注", 转注砖转 转,0-1,50,砖注转,,
19/02/2020 22:45:36,住/转,专住转 专,拽 (住专-驻 专转 转),转 转 - BI/Data analyst,Dell,0-1,15000,,,
20/02/2020 05:44:21,专/转,专住转 专,"转注砖 住专转转 (驻注 爪专, 转注砖 专转/爪转 ').","转驻注 爪专 (转驻"")",,0-1,12000,,,
02/05/2020 15:37:37,住/转,转 驻拽,拽 (住专-驻 专转 转),"转 转 - BI/Data analyst, Devops",Intel,0-1,60,砖注转,,
02/05/2020 15:37:46,住/转,转 驻拽,拽 (住专-驻 专转 转),"转 转 - BI/Data analyst, Devops",Intel,0-1,60,砖注转,,
02/05/2020 15:59:38,专/转,转 砖拽专,住转 驻住 专转  (拽 ')," 驻专拽/ PMO, 转, 注爪, 驻 注 砖 注专转 注",Bdo,0-1,8500,砖注转,,
02/05/2020 20:00:36,住/转,转 驻拽,拽 (住专-驻 专转 转),"转 转 - BI/Data analyst, Devops",Intel,0-1,60,砖注转,,
03/05/2020 10:53:24,住/转, 专,"转注砖 住专转转 (驻注 爪专, 转注砖 专转/爪转 ').",转 转 - BI/Data analyst,Unilevet,0-1,48,砖注转,,
07/05/2020 10:03:20,住/转,转 砖拽专,拽 (住专-驻 专转 转), 驻专拽/ PMO,,0-1,45,砖注转,拽专 砖转转 ,
09/05/2020 10:19:30,住/转,"""驻 (专住 驻转)","转注砖 住专转转 (驻注 爪专, 转注砖 专转/爪转 ').", 驻专拽/ PMO,,0-1,5500,砖注转,,
11/05/2020 00:40:41,住/转,,"转注砖 住专转转 (驻注 爪专, 转注砖 专转/爪转 ').","转驻注 爪专 (转驻"")",,0-1,37,砖注转,,
16/05/2020 17:53:19,住/转,转 驻拽,拽 (住专-驻 专转 转),System support,Dot complains ,0-1,6000,,,
27/05/2020 09:33:23,住/转,转 住 砖注,住 砖转,转 转 - BI/Data analyst,Ness,0-1,9000,,,
27/05/2020 09:33:42,专/转, 专,拽 (住专-驻 专转 转),转 转 - BI/Data analyst,,0-1,14000,,,
27/05/2020 09:36:49,住/转,专住转 专,拽 (住专-驻 专转 转), 驻专拽/ PMO,,0-1,40,砖注转,,
27/05/2020 09:40:14,住/转,专住转 转 ,拽 (住专-驻 专转 转)," 驻专拽/ PMO, 转 转 - BI/Data analyst",,0-1,6500,砖注转,,
27/05/2020 09:51:47,住/转,专 拽 专驻,"转注砖 住专转转 (驻注 爪专, 转注砖 专转/爪转 ').", 爪,Philips,0-1,45,砖注转,拽专 砖转转 专 7 砖,
27/05/2020 10:07:50,住/转,专住转 专,拽 (住专-驻 专转 转),转 转 - BI/Data analyst,google,0-1,13000,砖注转,,
31/05/2020 09:44:04,专/转, 专,住转 驻住 专转  (拽 '),转 转 - BI/Data analyst,MAX,0-1,14000,,,
02/06/2020 12:47:45,住/转,转 驻拽,拽 (住专-驻 专转 转),"转 转 - BI/Data analyst, 转, 注爪, 驻 注 砖 注专转 注",,0-1,5000,砖注转,,
06/06/2020 23:58:29,住/转,专住转 专,住转 驻住 专转  (拽 '),转 转 - BI/Data analyst,拽,0-1,50,砖注转,,
10/06/2020 10:56:06,住/转,专住转 专,拽 (住专-驻 专转 转),住拽,SolarEdge,0-1,45,砖注转,"10bis,转转 ",
10/06/2020 19:10:32,住/转,专驻,拽 (住专-驻 专转 转), 驻专拽/ PMO,,0-1,38,砖注转,,
10/06/2020 19:11:18,住/转,专住转 专,拽 (住专-驻 专转 转),转 转 - BI/Data analyst,,0-1,40,砖注转,,
10/06/2020 19:13:29,住/转,"""驻 (专住 驻转)","转注砖 住专转转 (驻注 爪专, 转注砖 专转/爪转 ').", 驻专拽/ PMO,,0-1,10000,砖注转,,
10/06/2020 19:14:14,住/转,"""驻 (专住 驻转)","转注砖 住专转转 (驻注 爪专, 转注砖 专转/爪转 ').", 驻专拽/ PMO,,0-1,10000,砖注转,,
10/06/2020 19:30:15,住/转, 专,拽 (住专-驻 专转 转),转 转 - BI/Data analyst,One BI,0-1,45,砖注转,,
10/06/2020 19:58:57,住/转,转 驻拽,"转注砖 住专转转 (驻注 爪专, 转注砖 专转/爪转 ').","转, 注爪, 驻 注 砖 注专转 注",,0-1,50,砖注转,,
10/06/2020 21:31:09,住/转,转 住 砖注,"转注砖 住专转转 (驻注 爪专, 转注砖 专转/爪转 ').", 驻专拽/ PMO,转注砖 专转,0-1,54.22,砖注转,,
15/06/2020 14:11:28,专/转,"""驻 (专住 驻转)",拽 (住专-驻 专转 转),"转, 注爪, 驻 注 砖 注专转 注",Bronxs ,0-1,43500,,,
15/06/2020 14:11:40,住/转,"""驻 (专住 驻转)","转注砖 住专转转 (驻注 爪专, 转注砖 专转/爪转 ').","转驻注 爪专 (转驻"")",,0-1,3300,砖注转,,
15/06/2020 18:23:16,住/转,专住转 专,拽 (住专-驻 专转 转), 驻专拽/ PMO,Elbit,0-1,40,砖注转,,
05/08/2020 11:46:13,专/转,专 拽 ,住 砖转,住转 专 砖转,,0-1,6000,,"拽专 砖转转, 驻住 ",
05/08/2020 11:46:36,住/转,转 驻拽,住转 驻住 专转  (拽 '),住转 专 砖转,,0-1,4000,砖注转,,
05/08/2020 11:47:24,专/转, 专,拽 (住专-驻 专转 转),转 转 - BI/Data analyst,,0-1,15000,,拽专 砖转转,
05/08/2020 11:47:59,住/转,砖拽专,拽 (住专-驻 专转 转),"住转 专 砖转, Devops, Operations/NOC",,0-1,11000,砖注转,"转住, 驻砖 砖转转, 转转",
05/08/2020 11:52:20,专/转,转 注专,"转注砖 住专转转 (驻注 爪专, 转注砖 专转/爪转 ').","转驻注 爪专 (转驻"")",,0-1,10000,,拽专 砖转转,
05/08/2020 11:52:26,专/转,HIT  ,专 驻专转, 驻专拽/ PMO,砖  住,0-1,6000,砖注转,,
05/08/2020 11:53:20,住/转,专住转 转 ,拽 (住专-驻 专转 转),转 转 - BI/Data analyst,Expander,0-1,9200,,,
05/08/2020 11:55:03,住/转,专住转 专,"转注砖 住专转转 (驻注 爪专, 转注砖 专转/爪转 ').", 驻专拽/ PMO,,0-1,59,砖注转,,
05/08/2020 12:05:01,住/转,转 驻拽,"转注砖 住专转转 (驻注 爪专, 转注砖 专转/爪转 ').",Devops, 注专转,0-1,50,砖注转,,
05/08/2020 12:05:05,住/转,转 驻拽,"转注砖 住专转转 (驻注 爪专, 转注砖 专转/爪转 ').",Devops, 注专转,0-1,50,砖注转,,
05/08/2020 12:13:37,住/转,"""驻 (专住 驻转)",住 砖转,转 转 - BI/Data analyst,,0-1,8000,砖注转,,
05/08/2020 13:26:11,专/转,"""驻 (专住 驻转)",拽 (住专-驻 专转 转),注 转 - Data science,,0-1,20000,,拽专 砖转转,
05/08/2020 14:02:00,专/转, 专,住转 驻住 专转  (拽 '),转 转 - BI/Data analyst,拽,0-1,15000,,拽专 砖转转,
05/08/2020 14:54:38,专/转, 专,拽 (住专-驻 专转 转), 驻专拽/ PMO,Medatech ,0-1,12000,,,
05/08/2020 16:29:18,专/转,专住转 驻,住转 驻住 专转  (拽 '),转 转 - BI/Data analyst,,0-1,10000,,,
06/08/2020 11:42:05,住/转,专住转 专,住 砖转,QA (Software) - 爪,砖专 爪专,0-1,6000,砖注转,拽专 砖转转  专砖 转 砖 注 ,
09/08/2020 14:37:42,专/转,转 住 砖注,注爪, 拽驻 ,,0-1,10000,,,
10/08/2020 16:32:25,专/转, 专,拽 (住专-驻 专转 转),转 转 - BI/Data analyst,,0-1,15000,,拽专 砖转转,
19/08/2020 08:20:37,住/转,专住转 专,"转注砖 住专转转 (驻注 爪专, 转注砖 专转/爪转 ')."," 驻专拽/ PMO, 转 转 - BI/Data analyst, 注 转 - Data science, 转驻注 爪专 (转驻""), 转转: Frontend/Backend/Fullstack, 转, 注爪, 驻 注 砖 注专转 注",,0-1,10000,砖注转,,
07/09/2020 17:30:08,住/转,转 驻拽,拽 (住专-驻 专转 转)," 驻专拽/ PMO, 转 转 - BI/Data analyst, 转, 注爪, 驻 注 砖 注专转 注",,0-1,6800,,"拽专 砖转转, 转 住, 住注转",
24/09/2020 11:51:18,专/转, 专,拽 (住专-驻 专转 转), 拽驻,Kendago,0-1,11000,,,
24/09/2020 11:51:44,住/转,专住转 专,拽 (住专-驻 专转 转),转 转 - BI/Data analyst,,0-1,40,砖注转,,
24/09/2020 11:54:04,住/转,专住转 专,住 砖转, 驻专拽/ PMO,,0-1,4000,砖注转,砖 拽专 砖转转,
24/09/2020 11:55:00,住/转,转 驻拽,拽 (住专-驻 专转 转),转 转 - BI/Data analyst,Pandologic,0-1,40,砖注转,,
24/09/2020 11:58:24,专/转,专驻,住转 驻住 专转  (拽 '),注抓 注专转 注 ,驻 拽,0-1,7000,,,
24/09/2020 12:10:02,住/转, 专,拽 (住专-驻 专转 转),转 转 - BI/Data analyst,BlueVine,0-1,50,砖注转,,
24/09/2020 12:11:42,专/转, 专,住转 驻住 专转  (拽 '),转 转 - BI/Data analyst,Be2see 砖专 砖 转 ,0-1,14000,,拽专 砖转转,
24/09/2020 12:39:24,住/转,转 住 砖注,"转注砖 住专转转 (驻注 爪专, 转注砖 专转/爪转 ').","转驻注 爪专 (转驻"")",转,0-1,42,砖注转,拽专 砖转转 注 ,
24/09/2020 15:26:30,专/转, 专,拽 (住专-驻 专转 转),"转, 注爪, 驻 注 砖 注专转 注",,0-1,13000,,拽专 砖转转,
24/09/2020 19:00:41,专/转,专住转 专,专砖转 转,住转 专 砖转,,0-1,10000,,,
24/09/2020 19:37:57,专/转,专住转 专,拽 (住专-驻 专转 转),转 转 - BI/Data analyst,Ex Libris,0-1,14000,,,
05/10/2020 16:06:58,住/转,转 驻拽,拽 (住专-驻 专转 转)," 驻专拽/ PMO, 转 转 - BI/Data analyst",,0-1,7200,,10bis,
20/10/2020 02:22:20,专/转,,"转注砖 住专转转 (驻注 爪专, 转注砖 专转/爪转 ')."," 驻专拽/ PMO, 转驻注 爪专 (转驻"")",,0-1,11000,砖注转,"拽专 砖转转, 住注转, 专转, 转转, 住",
20/10/2020 14:53:15,住/转,转 住 砖注,"转注砖 住专转转 (驻注 爪专, 转注砖 专转/爪转 ').", 驻专拽/ PMO,,0-1,8000,砖注转,,
02/11/2020 19:19:13,专/转,专住转 专,专," 驻专拽/ PMO, 转, 注爪, 驻 注 砖 注专转 注",,0-1,8000,,,
02/11/2020 19:20:55,住/转,专住转 专,住 砖转,住转 专 砖转,爪,0-1,29,砖注转,,
02/11/2020 19:25:16,专/转,专住转 专,住 砖转,转 转 - BI/Data analyst,,0-1,9000,,,
02/11/2020 19:27:03,专/转, 专,"转注砖 住专转转 (驻注 爪专, 转注砖 专转/爪转 ').",转 转 - BI/Data analyst,,0-1,12400,,,
02/11/2020 19:39:19,专/转,专住转 转 ,住转 驻住 专转  (拽 '),住转 专 砖转,,0-1,14000,,"拽专 砖转转, 拽专 驻住, 转砖 注专 住注转 专 驻专",
02/11/2020 19:58:44,专/转, 专,住转 驻住 专转  (拽 '), 驻专拽/ PMO,,0-1,13000,,拽专 砖转转,
02/11/2020 20:03:43,住/转, 专,拽 (住专-驻 专转 转),"转, 注爪, 驻 注 砖 注专转 注",Menahel4u,0-1,7500,砖注转,,
02/11/2020 20:03:53,住/转,专住转 专,拽 (住专-驻 专转 转),转 转 - BI/Data analyst,,0-1,40,砖注转,,
02/11/2020 20:26:12,专/转,注专,转  住 ," 驻专拽/ PMO, 转 转 - BI/Data analyst, 住转 专 砖转",专 专驻 住,0-1,10000,,"砖专转 13, 拽专 砖转转, 转 专转 转 ",
02/11/2020 21:55:39,专/转,专住转 专,"转注砖 住专转转 (驻注 爪专, 转注砖 专转/爪转 ').","转驻注 爪专 (转驻"")",,0-1,10000,,,
02/11/2020 22:27:04,专/转,专驻,住转 驻住 专转  (拽 '),拽专转 驻转 拽专 注抓 注专转 注,驻 拽 ,0-1,7000,,,
03/11/2020 08:53:54,住/转, 专,拽 (住专-驻 专转 转),"转, 注爪, 驻 注 砖 注专转 注",Menahel4u,0-1,7500,砖注转,,
12/11/2020 11:47:47,专/转,专 拽 ,"转注砖 住专转转 (驻注 爪专, 转注砖 专转/爪转 ').","转驻注 爪专 (转驻"")",砖 ,0-1,10500,砖注转,,
17/11/2020 13:06:16,专/转,专 拽 专驻,"转注砖 住专转转 (驻注 爪专, 转注砖 专转/爪转 ').", 爪,Philips healthcare,0-1,11000,,"注转 拽, 拽专 砖转转 专 7 砖",
21/11/2020 14:34:35,专/转, 专,拽 (住专-驻 专转 转),转 转 - BI/Data analyst,Optimove,0-1,14000,,拽专 砖转转,
21/11/2020 14:41:21,专/转,专住转 专,拽 (住专-驻 专转 转),"转, 注爪, 驻 注 砖 注专转 注",,0-1,12300,,"拽专 砖转转,  ,  专转",
21/11/2020 15:12:49,专/转,专 专,"转注砖 住专转转 (驻注 爪专, 转注砖 专转/爪转 ').","转驻注 爪专 (转驻"")",,0-1,13000,,,
21/11/2020 15:26:15,住/转,"""驻 (专住 驻转)",拽 (住专-驻 专转 转),转 转 - BI/Data analyst,,0-1,11000,,,
21/11/2020 15:42:45,住/转,专驻,"转注砖 住专转转 (驻注 爪专, 转注砖 专转/爪转 ').", 驻专拽/ PMO,拽专,0-1,11000,,,
21/11/2020 15:47:06,专/转,专住转 专,"转注砖 住专转转 (驻注 爪专, 转注砖 专转/爪转 ').","转驻注 爪专 (转驻"")",,0-1,10500,,"拽专 砖转转, 驻住",
21/11/2020 16:13:31,住/转,转 住 砖注,"转注砖 住专转转 (驻注 爪专, 转注砖 专转/爪转 ').","转 转 - BI/Data analyst, 住转 专 砖转",,0-1,35,砖注转,,
22/11/2020 09:06:58,专/转,专住转 专,转拽砖专转," 驻专拽/ PMO, 转 转 - BI/Data analyst",Yes,0-1,13000,,,
26/11/2020 11:37:56,专/转,"""驻 (专住 驻转)",住 砖转,转 转 - BI/Data analyst, 注专转,0-1,12000,,"拽专 砖转转, 驻住,  专转 ",
09/12/2020 23:01:41,专/转,专住转 专,住转 驻住 专转  (拽 '),转 转 - BI/Data analyst,拽,0-1,11000,,,
12/01/2021 09:07:36,专/转, 专,拽 (住专-驻 专转 转),转 转 - BI/Data analyst,,0-1,17000,,,
12/01/2021 09:08:03,专/转,专住转 专,注转,"转, 注爪, 驻 注 砖 注专转 注",,0-1,10000,,拽专 砖转转,
12/01/2021 09:09:45,专/转,HIT  ,住转 驻住 专转  (拽 '),"转, 注爪, 驻 注 砖 注专转 注",,0-1,10500,,拽专 砖转转,
12/01/2021 09:27:15,专/转,注专,"转注砖 住专转转 (驻注 爪专, 转注砖 专转/爪转 ').","转驻注 爪专 (转驻"")",,0-1,10300,砖注转,,
12/01/2021 09:27:53,住/转,转 住 砖注,拽 (住专-驻 专转 转),QA (Software) - ,Britannica knowledge systems,0-1,12000,砖注转, ,
12/01/2021 09:38:48,专/转, 专,拽 (住专-驻 专转 转),砖 SFMC,注 转,0-1,13600,,转  624 砖拽 住注转 砖 拽专 砖转转 驻住,
12/01/2021 12:23:31,住/转,专住转 专,"转注砖 住专转转 (驻注 爪专, 转注砖 专转/爪转 ').","转驻注 爪专 (转驻"")",转注砖 专转,0-1,54,砖注转,"砖专 住 爪 (爪注 注 85) , 砖 砖砖转 转专.",
12/01/2021 20:32:41,住/转,专驻,拽 (住专-驻 专转 转),转 转 - BI/Data analyst,,0-1,40,砖注转,,
12/01/2021 20:32:44,专/转,专驻,拽 (住专-驻 专转 转)," 驻专拽/ PMO, 转, 注爪, 驻 注 砖 注专转 注",,0-1,8500,,,
13/01/2021 01:19:38,专/转, 专,"转注砖 住专转转 (驻注 爪专, 转注砖 专转/爪转 ')."," 驻专拽/ PMO, 住转 专 砖转",,0-1,12000,,,
26/01/2021 18:42:43,住/转, 专,拽拽 拽,住转 专 砖转,拽拽 拽,0-1,12000,,"砖专转 13, 拽专 砖转转",
17/02/2021 23:28:32,住/转,注专  住,住 砖转,"转, 注爪, 驻 注 砖 注专转 注, QA (Software) - ",,0-1,10000,,,
21/05/2021 10:35:36,住/转,专驻,拽 (住专-驻 专转 转),转 转 - BI/Data analyst,,0-1,45,砖注转,,
21/05/2021 10:36:40,住/转,专住转 专,拽 (住专-驻 专转 转),转 转 - BI/Data analyst,住专,0-1,70,砖注转,"拽专拽专 砖转转,  专驻, 转-住, 转砖 注 砖 专 转",
21/05/2021 10:39:31,专/转, 专,住转 驻住 专转  (拽 '),住转 专 砖转,,0-1,14500,,,
21/05/2021 10:50:50,住/转,转 砖拽专,拽 (住专-驻 专转 转),NOC,,0-1,45,砖注转,,
21/05/2021 10:55:15,住/转,专住转 专,拽 (住专-驻 专转 转),专砖 (拽转 Production),住专驻 30-40 注,0-1,60,砖注转,"转 住 30 ,   转状 (   注转 )",
21/05/2021 11:32:45,专/转,专住转 专,拽注转,转 转 - BI/Data analyst,住 砖专,0-1,9500,,,
21/05/2021 11:43:13,专/转, 专,拽 (住专-驻 专转 转), 驻专拽/ PMO,,0-1,12000,,,
21/05/2021 11:45:07,专/转,专 拽 ,"转注砖 住专转转 (驻注 爪专, 转注砖 专转/爪转 ').",驻专 ,,0-1,14000,,拽专 砖转转 ,
21/05/2021 12:32:12,专/转,专,"转注砖 住专转转 (驻注 爪专, 转注砖 专转/爪转 ').","转驻注 爪专 (转驻"")",专驻,0-1,12000,,"住 专注, 住 注, 拽转 专, 拽专 砖转转,  专驻 拽祝  砖",
21/05/2021 12:40:54,住/转,"""驻 (专住 驻转)","转注砖 住专转转 (驻注 爪专, 转注砖 专转/爪转 ').", 驻专拽/ PMO,转注砖 专转,0-1,55,砖注转,",  专转, ",
21/05/2021 15:13:30,住/转,专,住 砖转,砖专转 住 拽专转 驻专拽, 砖,0-1,3600,砖注转,,
22/05/2021 22:46:37,专/转,专住转 专,"转注砖 住专转转 (驻注 爪专, 转注砖 专转/爪转 ')."," 驻专拽/ PMO, 住转 专 砖转",,0-1,12500,,,
25/05/2021 15:14:34,住/转,专住转 专,拽 (住专-驻 专转 转),转 转 - BI/Data analyst,Pandologic,0-1,47,砖注转,,
25/05/2021 23:50:37,专/转, 专,住转 驻住 专转  (拽 '),"转, 注爪, 驻 注 砖 注专转 注",,0-1,17000,,,
04/06/2021 19:13:30,专/转,转 专 专,"转注砖 住专转转 (驻注 爪专, 转注砖 专转/爪转 ').","转驻注 爪专 (转驻"")",Flex,0-1,9500,砖注转,"拽专 砖转转, 住",
13/06/2021 12:55:31,住/转,转 砖拽专,住转 驻住 专转  (拽 '),转 转 - BI/Data analyst,G-STAT,0-1,10000,,砖 拽专 砖转转,
13/06/2021 13:01:02,住/转,转 砖拽专,拽 (住专-驻 专转 转),转 转 - BI/Data analyst,Ebay,0-1,15000,,"拽专 砖转转, 转 住",
13/06/2021 13:15:17,住/转,转 砖拽专,拽 (住专-驻 专转 转),"转, 注爪, 驻 注 砖 注专转 注",FBC,0-1,5000,砖注转,,
13/06/2021 14:06:33,专/转,转 驻拽,拽 (住专-驻 专转 转),"转, 注爪, 驻 注 砖 注专转 注",Kenshoo,0-1,15000,,"拽专 砖转转, 驻爪转",
13/06/2021 14:07:10,住/转,转 砖拽专,拽 (住专-驻 专转 转),Noc,Radware,0-1,70,砖注转,砖 拽专 砖转转 专 爪 砖 专,
13/06/2021 21:13:44,住/转,转 砖拽专,拽 (住专-驻 专转 转),"转驻注 爪专 (转驻"")",,0-1,9500,,"砖专转 13, 14 + 拽专 砖转转 +  专转",
14/06/2021 09:41:45,住/转,转 砖拽专,"转注砖 住专转转 (驻注 爪专, 转注砖 专转/爪转 ').",转 转 - BI/Data analyst,,0-1,4000,砖注转,爪 砖专,
15/06/2021 16:47:07,专/转,转 砖拽专,专转 ecommerce, 驻专拽/ PMO,驻拽,0-1,11000,砖注转,,
15/06/2021 23:23:01,专/转,转 住 砖注,拽 (住专-驻 专转 转),转 转 - BI/Data analyst,,0-1,14000,,,
08/10/2021 12:45:49,专/转,专驻 ,拽 (住专-驻 专转 转),转 转 - BI/Data analyst,,0-1,11000,,,
08/10/2021 12:45:58,专/转,专驻 ,拽 (住专-驻 专转 转),转 转 - BI/Data analyst,,0-1,11000,,,
08/10/2021 12:46:29,专/转,专 拽  ,拽 (住专-驻 专转 转),Content analyst,Ex-libris,0-1,14000,,"住住 700 砖""  砖, 拽专 砖转转 ",
08/10/2021 12:46:47,专/转,"""驻 (专住 驻转)",拽 (住专-驻 专转 转),转 转 - BI/Data analyst,,0-1,10000,,,
08/10/2021 12:47:02,专/转,转 驻拽,拽 (住专-驻 专转 转),转 转 - BI/Data analyst,,0-1,14500,,砖专转 13 拽专 砖转转,
08/10/2021 12:47:27,专/转, 专,住转 驻住 专转  (拽 '),砖 住住驻专住,Deloitte,0-1,17000,,拽专 砖转转 ,
08/10/2021 12:48:58,住/转,,"转注砖 住专转转 (驻注 爪专, 转注砖 专转/爪转 ').", 驻专拽/ PMO,专驻,0-1,2500,砖注转,,
08/10/2021 12:49:07,专/转, 专,拽 (住专-驻 专转 转),转 转 - BI/Data analyst,Tperson,0-1,16000,,,
08/10/2021 12:50:11,住/转,专住转 专,转 转, 驻专拽/ PMO,,0-1,50,砖注转,拽专 砖转转,
08/10/2021 12:51:21,专/转, 专,住转 驻住 专转  (拽 '),住转 专 砖转,,0-1,14500,,,
08/10/2021 12:51:26,专/转, 专,拽 (住专-驻 专转 转),专拽,eToro,0-1,14000,,"转 住, 拽专 砖转转, 住 砖转",
08/10/2021 12:52:23,住/转,转 住 砖注,"转注砖 住专转转 (驻注 爪专, 转注砖 专转/爪转 ')."," 驻专拽/ PMO, 转驻注 爪专 (转驻"")",转,0-1,10500,砖注转,"砖专 砖注转 砖 59.25 (砖专 爪 砖 ), 60% 砖专 转 注 6000 专",
08/10/2021 12:58:34,专/转,转 驻拽,拽 (住专-驻 专转 转),"转转: Frontend/Backend/Fullstack, Devops",,0-1,15000,,拽专 砖转转,
08/10/2021 13:00:56,专/转,转 住驻专,"转注砖 住专转转 (驻注 爪专, 转注砖 专转/爪转 ').", 驻专拽/ PMO,Eldan ,0-1,9000,," 拽.砖转转 , 住住 , 住 砖 2000 砖 , 住 专注 驻 爪注 专",
08/10/2021 13:09:37,住/转,转 砖拽专,"转注砖 住专转转 (驻注 爪专, 转注砖 专转/爪转 ').", 驻专拽/ PMO,Elta,0-1,55,砖注转,,
08/10/2021 13:36:12,住/转,"""驻 (专住 驻转)","转注砖 住专转转 (驻注 爪专, 转注砖 专转/爪转 ').","转驻注 爪专 (转驻"")",,0-1,10000,砖注转,,
08/10/2021 14:22:54,专/转,专住转 专,"转注砖 住专转转 (驻注 爪专, 转注砖 专转/爪转 ').", 驻专拽/ PMO,Flex,0-1,50,砖注转,"拽专 砖转转 , 专转",
08/10/2021 15:19:21,专/转,"""驻 (专住 驻转)",住 砖转," 驻专拽/ PMO, 转 转 - BI/Data analyst, 转, 注爪, 驻 注 砖 注专转 注",注爪 砖 ,0-1,12000,,,
09/10/2021 11:28:05,专/转, 专,拽 (住专-驻 专转 转),PPC marketing Analyst,,0-1,11000,,,
09/10/2021 13:23:44,专/转,转 砖拽专,拽 (住专-驻 专转 转),注 转 - Data science,Checkpoint ,0-1,12000,,拽专 砖转转,
11/10/2021 12:33:25,专/转, 专,拽 (住专-驻 专转 转), 驻专拽/ PMO,Nvidia,0-1,18000,,,
12/10/2021 13:42:33,住/转,转 住 砖注,"转注砖 住专转转 (驻注 爪专, 转注砖 专转/爪转 ')."," 驻专拽/ PMO, 转, 注爪, 驻 注 砖 注专转 注", 注,0-1,12000,,拽专 砖转转  专砖,
24/10/2021 23:06:11,住/转,,"转注砖 住专转转 (驻注 爪专, 转注砖 专转/爪转 ').", 驻专拽/ PMO,,0-1,0,砖注转,,
23/02/2022 11:10:28,专/转,转 砖拽专,"转注砖 住专转转 (驻注 爪专, 转注砖 专转/爪转 ').","转驻注 爪专 (转驻""), 转 拽专",Applied Materials,0-1,13000,,"拽专 砖转转, 专转,  驻砖",
23/02/2022 11:56:19,住/转,转 砖拽专,拽 (住专-驻 专转 转),Data engineer ,Smartech,0-1,13500,砖注转,砖专转 砖注转转 砖 75 砖 砖注 注转 4 驻注 砖注 拽专 砖转转 注 专拽 砖专 ,
10/04/2022 13:18:00,住/转,专住转 转 ,拽 (住专-驻 专转 转),注 转 - Data science,Intel,0-1,105,砖注转,,